symbol,rsi,volume,trend,momentum,result,pnl,timestamp,hour,day_of_week,signal_confidence,market_regime,strategy_name,risk_mode,atr,volatility_context,market_session,is_holiday_us,holiday_name_us,dataset_version,pnl_gross,fee_entry,fee_exit,fee_total,pnl_net,mfe_pct,mae_pct,result_net,risk_per_trade_used,is_holiday_ar,holiday_name_ar,is_holiday_eu,holiday_name_eu,is_holiday_asia,holiday_name_asia,is_good_friday,liquidity_mode,ai_trade_decision,ai_context_risk,trade_filter_reason
PEPEUSDT,25.000000000000014,0.001412981931644384,0,-1.0000000000000751e-09,1,1.2264837904268482,1776022828,19,6,0.8,bear,mean_reversion,normal,1.2142857142857057e-08,low,us,0,,live_ai_risk_v3,1.2264837904268482,0.21340817953427402,0.21463466332470085,0.42804284285897487,0.7984409475678733,0.5747126436781553,-0.2873563218390899,1,0.01,0,,0,,0,,0,normal,0,normal,ok
AVAXUSDT,28.5714285714282,0.022225185070888595,1,0.025000000000000355,1,0.9401241500000133,1776022835,19,6,0.8,bull,mean_reversion,aggressive,0.019285714285714,low,us,0,,live_ai_risk_v3,0.9401241500000133,0.1707265436274192,0.1716666677774192,0.3423932114048384,0.5977309385951748,0.5506607929515497,-0.11013215859030602,1,0.0125,0,,0,,0,,0,normal,1,aggressive,ok
DOGEUSDT,27.65957446808548,0.10167468426712,1,0.00011220000000000674,1,0.6601026291200147,1776023234,19,6,0.8,sideways,mean_reversion,aggressive,7.78571428571434e-05,low,us,0,,live_ai_risk_v3,0.6601026291200147,0.13658123490193536,0.13724133753105536,0.2738225724329907,0.38628005668702403,0.4833040421792727,-0.19771528998242488,1,0.0125,0,,0,,0,,0,normal,0,aggressive,ok
ZECUSDT,47.975460122699495,1.5965246257937573,1,0.4362000000000421,0,-1.6057100399999948,1776026946,20,6,0.75,bull,breakout,normal,1.1042857142857128,low,us,0,,live_ai_risk_v3,-1.6057100399999948,0.21340817953427402,0.21180246949427403,0.42521064902854805,-2.0309206890285427,0.035439725205821775,-1.4012322119840759,0,0.01,0,,0,,0,,0,normal,1,normal,ok
TRXUSDT,18.181818181817263,0.03451739965182473,0,-0.00036600000000003297,0,-0.1325105119999854,1776030965,21,6,0.8,sideways,mean_reversion,normal,0.00022857142857142323,low,off,0,,live_ai_risk_v3,-0.1325105119999854,0.21340817953427402,0.21327566902227404,0.42668384855654806,-0.5591943605565335,0.15523129462899735,-0.06209251785159204,0,0.01,0,,0,,0,,0,medium,1,normal,ok
BTCUSDT,29.702984175041863,6.56612661113743,0,-432.6296000000002,0,-0.23065770000000702,1776031501,22,6,0.8,bear,mean_reversion,normal,129.91785714285757,low,off,0,,live_ai_risk_v3,-0.23065770000000702,0.1707265436274192,0.1704958859274192,0.3412224295548384,-0.5718801295548455,0.2646065890815298,-0.23118617039323963,0,0.01,0,,0,,0,,0,medium,1,normal,ok
BNBUSDT,27.904040404039335,0.0,0,-1.179399999999987,0,-0.24677838000001154,1776031503,22,6,0.8,bear,mean_reversion,normal,0.8071428571428702,low,off,0,,live_ai_risk_v3,-0.24677838000001154,0.13658123490193536,0.13633445652193532,0.2729156914238707,-0.5196940714238822,0.23471800067544515,-0.20770010131712563,0,0.01,0,,0,,0,,0,medium,1,normal,ok
TRXUSDT,29.41176470588408,0.1886749312260119,0,-0.0007860000000000089,1,0.0944941689999896,1776037061,23,6,0.8,sideways,mean_reversion,normal,0.0002357142857142875,low,off,0,,live_ai_risk_v3,0.0944941689999896,0.1519466238284031,0.1520411179974031,0.30398774182580623,-0.20949357282581665,0.18656716417910119,-0.062189054726361305,0,0.01,0,,0,,0,,0,medium,1,normal,ok
ENJUSDT,23.969072164948543,0.09467618724784797,0,-0.002326799999999997,1,1.7627022336000155,1776039107,0,0,0.8,sideways,mean_reversion,conservative,0.0005142857142857161,medium,asia,0,,live_ai_risk_v3,1.7627022336000155,0.1830188547685934,0.18478155700219343,0.3678004117707868,1.3949018218292286,0.9631260319207571,-0.963126031920738,1,0.005,0,,0,,0,,0,normal,1,conservative,ok
TRXUSDT,17.647058823530372,3.3335874490246176,0,-0.0010740000000000194,0,-0.19950904920001494,1776046137,2,0,0.8,bear,mean_reversion,normal,0.00020714285714286605,low,asia,0,,live_ai_risk_v3,-0.19950904920001494,0.21340817953427402,0.21320867048507403,0.426616850019348,-0.626125899219363,0.0623247117482013,-0.12464942349641989,0,0.01,0,,0,,0,,0,normal,0,normal,ok
ETHUSDT,28.008998875141117,0.45249922412097315,1,0.8101999999998952,0,-0.3735975099999958,1776046308,2,0,0.8,sideways,mean_reversion,aggressive,3.1114285714285677,low,asia,0,,live_ai_risk_v3,-0.3735975099999958,0.1707265436274192,0.17035294611741922,0.3410794897448384,-0.7146769997448342,0.20336022055711603,-0.2784260737829253,0,0.0125,0,,0,,0,,0,normal,0,aggressive,ok
ADAUSDT,38.2978723404256,3.369705045514674,0,-0.0003919999999999757,1,0.5760490720000006,1776048183,2,0,0.6,bear,scalp,normal,0.000549999999999999,low,asia,0,,live_ai_risk_v3,0.5760490720000006,0.13658123490193536,0.13715728397393534,0.2737385188758707,0.30231055312412985,0.4217629692113036,-0.12652889076338875,1,0.01,0,,0,,0,,0,normal,1,normal,ok
XRPUSDT,30.666666666666913,5.198082932199944,0,-0.004685999999999968,1,0.9519227796000027,1776056088,4,0,0.6,bear,scalp,normal,0.0014000000000000043,low,asia,0,,live_ai_risk_v3,0.9519227796000027,0.21340817953427402,0.21436010231387403,0.4277682818481481,0.5241544977518546,0.44605730702351376,0.0,1,0.01,0,,0,,0,,0,normal,1,normal,ok
DOGEUSDT,29.508196721312373,1.6715642440981842,0,-0.0002504000000000117,1,0.6943917901600173,1776056095,4,0,0.8,sideways,mean_reversion,conservative,9.357142857142996e-05,low,asia,0,,live_ai_risk_v3,0.6943917901600173,0.1707265436274192,0.17142093541757922,0.3421474790449984,0.35224431111501886,0.40672749257998153,-0.10992634934592611,1,0.005,0,,0,,0,,0,normal,0,conservative,ok
TRXUSDT,33.33333333333539,1.7429401873001407,0,-0.00042800000000003946,1,0.2558499564000192,1776058765,5,0,0.6,bear,scalp,normal,0.0001642857142857398,low,asia,0,,live_ai_risk_v3,0.2558499564000192,0.13658123490193536,0.13683708485833537,0.27341831976027076,-0.017568363360251582,0.18732438339058538,-0.031220730565091788,0,0.01,0,,0,,0,,0,normal,1,normal,ok
ETHUSDT,29.34673366834231,0.1245880049104844,0,-5.63799999999992,1,0.7666617599999975,1776059461,5,0,0.8,bear,mean_reversion,normal,3.2650000000000676,low,asia,0,,live_ai_risk_v3,0.7666617599999975,0.1519466238284031,0.1527132855884031,0.3046599094168062,0.4620018505831913,0.5045588537739066,0.0,1,0.01,0,,0,,0,,0,normal,1,normal,ok
BNBUSDT,26.245847176079593,0.15131189058341238,1,1.3738000000000739,0,-0.7673479000000325,1776064300,7,0,0.8,bull,mean_reversion,aggressive,0.528571428571435,low,asia,0,,live_ai_risk_v3,-0.7673479000000325,0.21340817953427402,0.212640831634274,0.426049011168548,-1.1933969111685805,0.03010335485164899,-0.4013780646887799,0,0.0125,0,,0,,0,,0,normal,0,aggressive,ok
ZECUSDT,22.336065573770355,2.7545936647694957,0,-3.2064000000000306,0,-1.412364,1776064643,7,0,0.8,sideways,mean_reversion,conservative,2.498571428571434,low,asia,0,,live_ai_risk_v3,-1.412364,0.1707265436274192,0.1693141796274192,0.3400407232548384,-1.7524047232548383,0.0,-1.4835649680123526,0,0.005,0,,0,,0,,0,normal,0,conservative,ok
DASHUSDT,22.021660649819495,0.4180483900821199,0,-0.37579999999999814,0,-1.6126458600000064,1776064817,7,0,0.8,sideways,mean_reversion,conservative,0.3771428571428567,low,asia,0,,live_ai_risk_v3,-1.6126458600000064,0.13658123490193536,0.13496858904193534,0.2715498239438707,-1.8841956839438772,0.3373493975903628,-1.3253012048192703,0,0.005,0,,0,,0,,0,normal,0,conservative,ok
ADAUSDT,33.33333333333272,0.047423354908378346,0,-0.0004999999999999727,1,0.8974271640000008,1776070019,8,0,0.7,sideways,trend,conservative,0.0003999999999999976,low,europe,0,,live_ai_risk_v3,0.8974271640000008,0.21340817953427402,0.214305606698274,0.427713786232548,0.46971337776745276,0.672834314550038,0.0,1,0.005,0,,0,,0,,0,normal,1,conservative,ok
GIGGLEUSDT,25.60747663551406,0.009559233697605673,1,0.9906000000000006,1,1.8357692599999846,1776070203,8,0,0.8,bull,mean_reversion,aggressive,0.9200000000000007,medium,europe,0,,live_ai_risk_v3,1.8357692599999846,0.1707265436274192,0.1725623128874192,0.3432888565148384,1.4924804034851462,2.9897718332022043,-1.1801730920535085,1,0.0125,0,,0,,0,,0,normal,0,aggressive,ok
NEARUSDT,18.51851851851886,0.23912428586111237,1,0.0009200000000000319,1,1.3886254760000012,1776070748,8,0,0.8,bull,mean_reversion,aggressive,0.004928571428571409,low,europe,0,,live_ai_risk_v3,1.3886254760000012,0.13658123490193536,0.13796986037793535,0.2745510952798707,1.1140743807201305,1.3071895424836613,-0.07262164124910037,1,0.0125,0,,0,,0,,0,normal,0,aggressive,ok
PAXGUSDT,29.916765755054072,2.230285308562852,0,-10.902200000000448,1,0.37001536000001645,1776072892,9,0,0.8,sideways,mean_reversion,conservative,5.131428571428581,low,europe,0,,live_ai_risk_v3,0.37001536000001645,0.1519466238284031,0.15231663918840313,0.30426326301680623,0.06575209698321022,0.24351305902638437,-0.09323314672511547,1,0.01,0,,0,,0,,0,normal,0,conservative,ok
DOTUSDT,22.448979591836675,1.6255574657829635,0,-0.012139999999999818,0,-1.1946491640000159,1776073500,9,0,0.8,bear,mean_reversion,normal,0.006571428571428577,low,europe,0,,live_ai_risk_v3,-1.1946491640000159,0.15570260778820633,0.15450795862420633,0.3102105664124126,-1.5048597304124285,0.17050298380221668,-1.2787723785166345,0,0.02,0,,0,,0,,0,normal,1,normal,ok
JSTUSDT,26.18181818181823,0.040407092091731954,0,-8.560000000000512e-05,1,0.7445976857200104,1776074715,10,0,0.8,sideways,mean_reversion,conservative,0.0009228571428571439,medium,europe,0,,live_ai_risk_v3,0.7445976857200104,0.15187833321095212,0.15262293089667214,0.30450126410762424,0.44009642161238616,1.045026448200239,-0.5547671268223453,1,0.01,0,,0,,0,,0,normal,1,conservative,ok
TRXUSDT,28.571428571429138,0.088918458648094,0,-0.00011200000000000099,0,0.0,1776077461,10,0,0.8,sideways,mean_reversion,conservative,0.00017142857142856842,low,europe,0,,live_ai_risk_v3,0.0,0.15264318812640298,0.15264318812640298,0.30528637625280597,-0.30528637625280597,0.062189054726361305,-0.031094527363180652,0,0.01,0,,0,,0,,0,normal,0,conservative,ok
JSTUSDT,39.96598639455787,0.09922130974833093,1,0.0005406000000000161,0,-1.359439022200012,1776077871,10,0,0.7,bull,trend,normal,0.0005692857142857137,low,europe,0,,live_ai_risk_v3,-1.359439022200012,0.15249021714331282,0.1511307781211128,0.30362099526442565,-1.6630600174644377,0.5858380030565311,-0.8914926133469259,0,0.02,0,,0,,0,,0,normal,1,normal,ok
BARDUSDT,27.777777777777715,1.2282304767217762,0,-0.00031199999999997896,0,-0.09215693899998985,1776078878,11,0,0.8,sideways,mean_reversion,conservative,0.0009714285714285715,low,europe,0,,live_ai_risk_v3,-0.09215693899998985,0.15238149848033086,0.1522893415413309,0.3046708400216618,-0.3968277790216516,0.24191109767161262,-0.39310553371634954,0,0.01,0,,0,,0,,0,normal,1,conservative,ok
ENJUSDT,23.032629558541274,0.36434162018017135,1,0.0007583999999999994,0,-3.3859026908999925,1776081708,12,0,0.8,bull,mean_reversion,aggressive,0.001042142857142856,high,europe,0,,live_ai_risk_v3,-3.3859026908999925,0.15240324221292728,0.14901733952202728,0.30142058173495456,-3.687323272634947,0.0,-2.221673660824483,0,0.025,0,,0,,0,,0,normal,0,aggressive,ok
ZECUSDT,24.665391969407025,0.2372409364947304,0,-1.4777999999999452,1,3.514398720000001,1776083785,12,0,0.8,bear,mean_reversion,normal,1.421428571428578,low,europe,0,,live_ai_risk_v3,3.514398720000001,0.15245123139562242,0.15596563011562242,0.3084168615112448,3.205981858488756,2.3052596537949404,-0.03051486906347471,1,0.02,0,,0,,0,,0,normal,1,normal,ok
TAOUSDT,28.57142857142857,0.6440919501761794,1,0.5640000000000214,1,1.3480046999999733,1776084203,12,0,0.8,sideways,mean_reversion,aggressive,0.6285714285714334,low,europe,0,,live_ai_risk_v3,1.3480046999999733,0.15244163355908338,0.15378963825908334,0.30623127181816673,1.0417734281818065,1.4609765474817202,0.0,1,0.025,0,,0,,0,,0,normal,0,aggressive,ok
TRXUSDT,16.66666666666589,0.002845316358891313,0,-0.0009199999999999764,0,-0.23750328200000023,1776084604,12,0,0.8,sideways,mean_reversion,conservative,0.00017142857142856047,low,europe,0,,live_ai_risk_v3,-0.23750328200000023,0.15242960654333287,0.15219210326133287,0.30462170980466574,-0.542124991804666,0.03116235587410065,-0.15581177937052054,0,0.01,0,,0,,0,,0,normal,1,conservative,ok
BARDUSDT,21.153846153846033,1.3615717870794228,0,-0.0036119999999999486,1,2.013207364799996,1776087854,13,0,0.8,bear,mean_reversion,normal,0.0008142857142857078,low,us,0,,live_ai_risk_v3,2.013207364799996,0.18292225822560748,0.18493546559040747,0.36785772381601495,1.645349640983981,1.100580862121673,-0.18343014368694266,1,0.02,0,,0,,0,,0,normal,1,normal,ok
ZECUSDT,24.47447447447442,0.04721128309739537,0,-3.5820000000000505,0,-4.417097549999993,1776092134,14,0,0.8,sideways,mean_reversion,conservative,2.33642857142857,low,us,0,,live_ai_risk_v3,-4.417097549999993,0.21340817953427402,0.20899108198427402,0.422399261518548,-4.839496811518541,0.36117130632883576,-2.069789409345999,0,0.01,0,,0,,0,,0,normal,0,conservative,ok
PAXGUSDT,29.976995222083602,37.71558536213675,0,-4.228800000000774,1,0.5946402500000291,1776092366,14,0,0.8,sideways,mean_reversion,conservative,7.708571428571498,low,us,0,,live_ai_risk_v3,0.5946402500000291,0.1707265436274192,0.17132118387741924,0.3420477275048385,0.2525925224951906,0.3482993544653552,-0.31085238660589354,1,0.01,0,,0,,0,,0,normal,0,conservative,ok
UUSDT,28.57142857142857,2.430105781021336,0,-0.000276000000000054,1,0.013664955999998497,1776092369,14,0,0.8,bear,mean_reversion,normal,0.00011428571428570169,low,us,0,,live_ai_risk_v3,0.013664955999998497,0.13658123490193536,0.13659489985793533,0.2731761347598707,-0.2595111787598722,0.020010005002499047,0.0,0,0.02,0,,0,,0,,0,normal,0,normal,ok
ZECUSDT,22.859626249456724,0.1869065484360521,0,-11.005400000000009,0,-3.537154529999999,1776093038,15,0,0.8,bear,mean_reversion,normal,3.1207142857142895,low,us,0,,live_ai_risk_v3,-3.537154529999999,0.1519466238284031,0.1484094692984031,0.3003560931268062,-3.8375106231268052,0.508782900346774,-2.3278949462793466,0,0.02,0,,0,,0,,0,normal,1,normal,ok
TAOUSDT,16.96428571428558,3.446699591610464,0,-6.984000000000009,1,0.8969699999999999,1776094682,15,0,0.8,sideways,mean_reversion,conservative,1.3571428571428694,low,us,0,,live_ai_risk_v3,0.8969699999999999,0.1519466238284031,0.1528435938284031,0.3047902176568062,0.5921797823431938,0.5903187721369539,-1.1019283746556408,1,0.01,0,,0,,0,,0,normal,0,conservative,ok
ENJUSDT,14.055636896046877,3.9388928556540868,0,-0.001625399999999999,1,1.4390331684299866,1776098096,16,0,0.8,sideways,mean_reversion,conservative,0.0013857142857142853,high,us,0,,live_ai_risk_v3,1.4390331684299866,0.1830188547685934,0.18445788793702336,0.36747674270561675,1.07155642572437,3.192756730998334,0.0,1,0.01,0,,0,,0,,0,normal,0,conservative,ok
GIGGLEUSDT,17.406542056074784,1.2493039359994562,0,-2.941600000000001,1,1.7110105199999972,1776098307,16,0,0.8,sideways,mean_reversion,conservative,1.0664285714285708,high,us,0,,live_ai_risk_v3,1.7110105199999972,0.08840220429027766,0.09011321481027768,0.17851541910055535,1.5324951008994419,4.3817204301075146,-0.3225806451613025,1,0.01,0,,0,,0,,0,normal,0,conservative,ok
BROCCOLI714USDT,18.26741996233521,1.2998362503147611,1,0.0008524000000000032,0,-3.359070488549996,1776100959,17,0,0.8,bull,mean_reversion,aggressive,0.0008335714285714293,high,us,0,,live_ai_risk_v3,-3.359070488549996,0.1591239677224998,0.15576489723394976,0.3148888649564495,-3.6739593535064454,0.0,-2.110977080820263,0,0.025,0,,0,,0,,0,normal,1,aggressive,ok
BROCCOLI714USDT,20.507399577166993,2.3536694128778204,1,0.0002380000000000021,1,0.9336607854700083,1776101381,17,0,0.8,bull,mean_reversion,aggressive,0.0007035714285714294,high,us,0,,live_ai_risk_v3,0.9336607854700083,0.21340817953427402,0.21434184031974401,0.42775001985401806,0.5059107656159902,2.249999999999995,0.0,1,0.025,0,,0,,0,,0,normal,1,aggressive,ok
ETHUSDT,72.97297297297297,3.4266939105402354,1,21.25980000000027,0,-0.5555076800000153,1776101608,17,0,0.75,bull,breakout,normal,6.245714285714159,low,us,0,,live_ai_risk_v3,-0.5555076800000153,0.1707265436274192,0.1701710359474192,0.3408975795748384,-0.8964052595748537,0.0,-0.759363546974177,0,0.02,0,,0,,0,,0,normal,1,normal,ok
LINKUSDT,71.42857142857167,3.4621104598454533,1,0.09800000000000075,0,-1.0694280100000044,1776101610,17,0,0.75,bull,breakout,normal,0.029285714285714803,low,us,0,,live_ai_risk_v3,-1.0694280100000044,0.13658123490193536,0.13551180689193534,0.2720930417938707,-1.3415210517938752,0.0,-1.1185682326621884,0,0.02,0,,0,,0,,0,normal,1,normal,ok
DASHUSDT,6.802721088435874,1.6367767574837324,0,-1.0033999999999992,1,0.6837598799999989,1776104797,18,0,0.8,bear,mean_reversion,normal,0.20428571428571374,low,us,0,,live_ai_risk_v3,0.6837598799999989,0.1519466238284031,0.1526303837084031,0.30457700753680617,0.3791828724631927,0.4499999999999993,-0.649999999999995,1,0.02,0,,0,,0,,0,normal,0,normal,ok
SUIUSDT,37.219730941703816,0.18348971614432302,0,-0.0005579999999999474,1,1.5108293051999961,1776105424,18,0,0.7,sideways,trend,conservative,0.0026642857142857223,low,us,0,,live_ai_risk_v3,1.5108293051999961,0.14887354604310954,0.15038437534830953,0.29925792139141905,1.211571383808577,1.0148406809253574,0.0,1,0.01,0,,0,,0,,0,normal,1,conservative,ok
BTCUSDT,69.10297944659823,5.738513736536987,1,354.755799999999,1,1.8364342800000206,1776107982,19,0,0.75,bull,breakout,normal,111.94571428571466,low,us,0,,live_ai_risk_v3,1.8364342800000206,0.1836334703256521,0.18546990460565213,0.36910337493130424,1.4673309050687164,1.2806706566616748,-0.010615844437341756,1,0.02,0,,0,,0,,0,normal,1,normal,ok
LINKUSDT,58.823529411764525,3.2612787487014097,1,0.040599999999999525,1,1.319028320000001,1776107984,19,0,0.75,bull,breakout,normal,0.026428571428571627,low,us,0,,live_ai_risk_v3,1.319028320000001,0.1469067762605217,0.1482258045805217,0.29513258084104343,1.0238957391589576,1.2345679012345616,0.0,1,0.02,0,,0,,0,,0,normal,1,normal,ok
XRPUSDT,85.27918781725846,3.369254985712866,1,0.012567999999999913,0,-0.751698026700014,1776109727,19,0,0.75,bull,breakout,normal,0.002521428571428611,low,us,0,,live_ai_risk_v3,-0.751698026700014,0.14730013021703925,0.14654843219033925,0.2938485624073785,-1.0455465891073925,0.21448117742769784,-0.510317284224549,0,0.02,0,,0,,0,,0,normal,1,normal,ok
TAOUSDT,29.230769230769013,0.07649777448104882,0,-1.4979999999999905,1,1.6630540999999877,1776112578,20,0,0.8,bear,mean_reversion,normal,1.0142857142857136,low,us,0,,live_ai_risk_v3,1.6630540999999877,0.18394815349086616,0.18561120759086613,0.36955936108173226,1.2934947389182554,0.9040880503144586,-0.039308176100626695,1,0.02,0,,0,,0,,0,normal,0,normal,ok
AVAXUSDT,22.222222222222342,0.07902707057286124,0,-0.010999999999999233,1,0.6336212000000147,1776112833,20,0,0.8,sideways,mean_reversion,conservative,0.03214285714285735,low,us,0,,live_ai_risk_v3,0.6336212000000147,0.1471585227926929,0.14779214399269294,0.29495066678538584,0.3386705332146288,0.4305705059203545,-0.32292787944025153,1,0.01,0,,0,,0,,0,normal,0,conservative,ok
BNBUSDT,30.21978021977941,0.1358750571301153,1,2.2024000000000115,1,0.07650169999996996,1776125459,0,1,0.7,bull,trend,normal,1.0571428571428538,low,asia,0,,live_ai_risk_v3,0.07650169999996996,0.21340817953427402,0.21348468123427397,0.426892860768548,-0.350391160768578,0.09287774355965135,-0.43180003584756493,0,0.02,0,,0,,0,,0,normal,1,normal,ok
TAOUSDT,36.36363636363601,2.4995191908103847,0,-0.14400000000000546,0,-1.51962379999997,1776125650,0,1,0.7,sideways,trend,conservative,1.2642857142857136,low,asia,0,,live_ai_risk_v3,-1.51962379999997,0.1707265436274192,0.16920691982741923,0.33993346345483844,-1.8595572634548083,0.19349845201238391,-1.5479876160990602,0,0.01,0,,0,,0,,0,normal,1,conservative,ok
XRPUSDT,32.9729729729726,1.3573662585285613,1,0.006127999999999911,0,-0.06988805880001447,1776125653,0,1,0.7,bull,trend,normal,0.0032785714285714163,low,asia,0,,live_ai_risk_v3,-0.06988805880001447,0.13658123490193536,0.13651134684313534,0.2730925817450707,-0.34298064054508515,0.0,-0.5628654970760263,0,0.02,0,,0,,0,,0,normal,1,normal,ok
ADAUSDT,33.33333333333333,0.9546630596963307,1,0.000256000000000034,0,-0.17531821109999693,1776129493,1,1,0.7,bull,trend,normal,0.000757142857142861,low,asia,0,,live_ai_risk_v3,-0.17531821109999693,0.14341029664703214,0.14323497843593214,0.2866452750829643,-0.46196348618296124,0.28524857375713375,-0.36674816625917356,0,0.02,0,,0,,0,,0,normal,1,normal,ok
UNIUSDT,36.36363636363636,0.05745628619469899,1,0.0011199999999997878,0,-0.9798265349999944,1776131305,1,1,0.7,bull,trend,normal,0.007499999999999967,low,asia,0,,live_ai_risk_v3,-0.9798265349999944,0.1847261202048676,0.18374629366986758,0.36847241387473517,-1.3482989488747297,0.28081123244929473,-0.5304212168486709,0,0.02,0,,0,,0,,0,normal,1,normal,ok
BROCCOLI714USDT,22.784810126582258,0.20208778061839322,0,-0.0014170000000000016,0,-0.9271072531999944,1776132634,2,1,0.8,sideways,mean_reversion,conservative,0.00024714285714285696,medium,asia,0,,live_ai_risk_v3,-0.9271072531999944,0.14778089616389406,0.14685378891069406,0.2946346850745881,-1.2217419382745827,2.321204516938534,-0.9410288582183238,0,0.01,0,,0,,0,,0,normal,0,conservative,ok
DASHUSDT,34.939759036144295,0.22284919101352518,0,-0.18779999999999575,0,-1.3302865299999906,1776135132,2,1,0.7,sideways,trend,conservative,0.11285714285714223,low,asia,0,,live_ai_risk_v3,-1.3302865299999906,0.1469067762605217,0.1455764897305217,0.2924832659910434,-1.622769795991034,0.0,-0.9055310817425293,0,0.01,0,,0,,0,,0,normal,1,conservative,ok
WLDUSDT,38.70967741935488,0.2478659590288886,1,0.0030300000000000327,0,-0.05843976639999356,1776137261,3,1,0.7,bull,trend,normal,0.0015642857142857125,low,asia,0,,live_ai_risk_v3,-0.05843976639999356,0.18402682428216968,0.1839683845157697,0.36799520879793934,-0.4264349751979329,1.206732295966964,-0.03175611305175896,0,0.02,0,,0,,0,,0,normal,1,normal,ok
ENAUSDT,38.23529411764718,1.327279752983423,0,-0.0007119999999999904,0,-1.7845025388000098,1776137641,3,1,0.7,sideways,trend,conservative,0.0005142857142857131,low,asia,0,,live_ai_risk_v3,-1.7845025388000098,0.14722145942573575,0.14543695688693575,0.29265841631267153,-2.0771609551126815,0.0,-1.2121212121212188,0,0.01,0,,0,,0,,0,normal,1,conservative,ok
PAXGUSDT,28.06573957016647,0.08531633575146491,1,0.16199999999935244,0,-0.09198387000000788,1776139185,3,1,0.8,bull,mean_reversion,aggressive,1.7707142857141531,low,asia,0,,live_ai_risk_v3,-0.09198387000000788,0.14715852279269295,0.14706653892269295,0.29422506171538587,-0.3862089317153937,0.13448243204847718,-0.1043869895086874,0,0.025,0,,0,,0,,0,normal,0,aggressive,ok
SOLUSDT,15.714285714285566,0.29754755880578254,0,-0.34080000000000155,1,0.24050376000000098,1776142314,4,1,0.8,sideways,mean_reversion,conservative,0.11285714285714477,low,asia,0,,live_ai_risk_v3,0.24050376000000098,0.1471711101193015,0.14741161387930152,0.294582723998603,-0.05407896399860204,0.19843585852690757,-0.2334539512081275,0,0.01,0,,0,,0,,0,normal,0,conservative,ok
BNBUSDT,23.529411764705472,0.13868248453278406,0,-0.21460000000001855,0,-0.08805685000000572,1776142902,5,1,0.8,sideways,mean_reversion,conservative,0.36857142857141817,low,asia,0,,live_ai_risk_v3,-0.08805685000000572,0.15454225295187518,0.15445419610187516,0.30899644905375034,-0.3970532990537561,0.02116367661902052,-0.29303552241721004,0,0.01,0,,0,,0,,0,normal,0,conservative,ok
LTCUSDT,27.499999999999957,0.09764032718345972,0,-0.16740000000000776,1,0.4808043700000048,1776145021,5,1,0.8,sideways,mean_reversion,conservative,0.057142857142857446,low,asia,0,,live_ai_risk_v3,0.4808043700000048,0.1530655069200387,0.1535463112900387,0.30661181821007744,0.17419255178992737,0.31411677753141487,-0.18477457501846697,1,0.01,0,,0,,0,,0,normal,0,conservative,ok
TAOUSDT,24.24242424242395,2.072049872122098,0,-2.6420000000000243,0,-0.600105,1776148299,6,1,0.8,bear,mean_reversion,normal,0.9142857142857151,low,asia,0,,live_ai_risk_v3,-0.600105,0.15188662755989127,0.15128652255989125,0.3031731501197825,-0.9032781501197825,0.23706045041485355,-0.7111813512445606,0,0.02,0,,0,,0,,0,normal,0,normal,ok
ZAMAUSDT,20.810313075506443,1.286393318173271,1,6.700000000000109e-05,0,-3.1127953781100057,1776149441,6,1,0.8,bull,mean_reversion,aggressive,0.0008535714285714287,high,asia,0,,live_ai_risk_v3,-3.1127953781100057,0.15241775263828805,0.14930495726017803,0.30172270989846606,-3.414518088008472,2.185596560372624,-2.042278753135081,0,0.025,0,,0,,0,,0,normal,0,aggressive,ok
ZAMAUSDT,27.365728900255718,2.0902984091705026,0,-0.0006826000000000054,1,16.602652449040008,1776152303,7,1,0.8,sideways,mean_reversion,conservative,0.0005921428571428576,medium,asia,0,,live_ai_risk_v3,16.602652449040008,0.09151542701114791,0.10811807946018792,0.19963350647133582,16.40301894256867,18.141916605705934,-0.18288222384784725,1,0.01,0,,0,,0,,0,normal,0,conservative,ok
ADAUSDT,15.789473684210265,0.30713331863028553,0,-0.0007399999999999907,1,1.4942088358000063,1776154583,8,1,0.8,sideways,mean_reversion,conservative,0.0005500000000000029,low,europe,0,,live_ai_risk_v3,1.4942088358000063,0.2134081795342741,0.2149023883700741,0.4283105679043482,1.0658982678956581,0.8649093904448182,-0.0823723228994967,1,0.01,0,,0,,0,,0,normal,0,conservative,ok
BTCUSDT,27.76708940280362,0.3628451242605607,1,99.94540000001143,1,0.06480700000000666,1776154963,8,1,0.8,bull,mean_reversion,aggressive,85.82642857142802,low,europe,0,,live_ai_risk_v3,0.06480700000000666,0.1707265436274193,0.1707913506274193,0.3415178942548386,-0.2767108942548319,0.3490612556761705,-0.14712565722298385,0,0.025,0,,0,,0,,0,normal,0,aggressive,ok
BARDUSDT,29.54545454545479,1.3590087323147035,0,-5.2000000000052005e-05,0,-0.7767265683000052,1776155346,8,1,0.8,sideways,mean_reversion,conservative,0.0011499999999999963,low,europe,0,,live_ai_risk_v3,-0.7767265683000052,0.13658123490193544,0.13580450833363542,0.27238574323557085,-1.049112311535576,0.6884166417240254,-0.7183478000598663,0,0.01,0,,0,,0,,0,normal,0,conservative,ok
XAUTUSDT,27.95436022819861,1.6055268493635366,1,0.5945999999994456,1,0.037642850000011496,1776159729,9,1,0.8,bull,mean_reversion,aggressive,3.454999999999992,low,europe,0,,live_ai_risk_v3,0.037642850000011496,0.13658123490193544,0.13661887775193543,0.2732001126538709,-0.2355572626538594,0.18682465412192645,-0.33388595280573374,0,0.025,0,,0,,0,,0,normal,0,aggressive,ok
DOGEUSDT,23.38709677419274,0.2519207052230449,1,0.00026299999999999935,1,0.16143925180000462,1776161848,10,1,0.8,bull,mean_reversion,aggressive,0.00020142857142857362,low,europe,0,,live_ai_risk_v3,0.16143925180000462,0.15194662382840315,0.15210806308020317,0.3040546869086063,-0.1426154351086017,1.189970250743742,-0.19124521886952786,0,0.025,0,,0,,0,,0,normal,0,aggressive,ok
ENJUSDT,26.252158894645987,0.6339610776061966,0,-0.0011537999999999965,0,-3.7048630621399967,1776162418,10,1,0.8,sideways,mean_reversion,conservative,0.0011821428571428569,medium,europe,0,,live_ai_risk_v3,-3.7048630621399967,0.1557026077882064,0.1519977447260664,0.3077003525142728,-4.012563414654269,0.0,-2.3794483049062944,0,0.01,0,,0,,0,,0,normal,0,conservative,ok
BARDUSDT,13.131313131313334,1.3364576728220323,0,-0.008555999999999953,1,0.6237700767999845,1776162798,10,1,0.8,sideways,mean_reversion,conservative,0.001514285714285718,low,europe,0,,live_ai_risk_v3,0.6237700767999845,0.1557026077882064,0.1563263778650064,0.3120289856532128,0.31174109114677173,0.8320493066255716,0.0,1,0.01,0,,0,,0,,0,normal,0,conservative,ok
DOTUSDT,17.391304347826804,7.524137092446949,0,-0.013900000000000023,1,0.25851631200000025,1776168281,12,1,0.8,bear,mean_reversion,normal,0.003642857142857154,low,europe,0,,live_ai_risk_v3,0.25851631200000025,0.1518783332109522,0.15213684952295223,0.30401518273390443,-0.045498870733904184,0.8510638297872347,-0.17021276595744697,0,0.02,0,,0,,0,,0,normal,1,normal,ok
WLDUSDT,24.9999999999998,0.06304846214444233,0,-0.0045059999999999545,0,-0.43619270040000574,1776169221,12,1,0.8,sideways,mean_reversion,conservative,0.0012999999999999956,low,europe,0,,live_ai_risk_v3,-0.43619270040000574,0.1518919913344424,0.1514557986340424,0.30334778996848477,-0.7395404903684906,1.8187619655392413,-0.8296107211231625,0,0.01,0,,0,,0,,0,normal,1,conservative,ok
SUIUSDT,26.85185185185189,0.04473859916455404,0,-0.006240000000000023,1,1.8608462109999926,1776170160,12,1,0.8,sideways,mean_reversion,conservative,0.001692857142857123,low,europe,0,,live_ai_risk_v3,1.8608462109999926,0.1526541146251952,0.1545149608361952,0.3071690754613904,1.553677135538602,1.812592749629002,-0.04239983040068549,1,0.01,0,,0,,0,,0,normal,1,conservative,ok
NEARUSDT,21.428571428571573,3.9771047930765877,0,-0.023500000000000076,1,0.771309763000013,1776175799,14,1,0.8,bear,mean_reversion,normal,0.005428571428571449,low,us,0,,live_ai_risk_v3,0.771309763000013,0.15249895834234659,0.15327026810534658,0.30576922644769317,0.4655405365523198,0.5057803468208177,-0.5780346820809255,1,0.02,0,,0,,0,,0,normal,1,normal,ok
ASTERUSDT,16.66666666666636,1.2906854415943874,0,-0.007379999999999942,0,-1.3445079240000013,1776176936,14,1,0.8,sideways,mean_reversion,conservative,0.0032857142857142174,low,us,0,,live_ai_risk_v3,-1.3445079240000013,0.15237756494076576,0.15103305701676575,0.30341062195753155,-1.6479185459575327,0.14705882352941188,-0.8823529411764712,0,0.01,0,,0,,0,,0,normal,1,conservative,ok
UUSDT,22.222222222226335,1.1947380683160351,0,-0.00037799999999998946,1,0.030507930600013573,1776177834,14,1,0.8,sideways,mean_reversion,conservative,0.00014285714285718263,low,us,0,,live_ai_risk_v3,0.030507930600013573,0.15243287487765164,0.15246338280825167,0.30489625768590334,-0.2743883270858898,0.04002801961373631,0.0,0,0.01,0,,0,,0,,0,normal,0,conservative,ok
FETUSDT,29.411764705882362,1.4462066032443341,0,-0.0033199999999999896,0,-1.392282763199994,1776180760,15,1,0.8,bear,mean_reversion,normal,0.0012214285714285678,low,us,0,,live_ai_risk_v3,-1.392282763199994,0.15242181289027448,0.15102953012707448,0.303451343017349,-1.6957341062173428,0.4784688995215388,-0.9134406263592826,0,0.02,0,,0,,0,,0,normal,0,normal,ok
TRUMPUSDT,28.3582089552238,1.9016190144123377,0,-0.03804000000000052,1,1.1465551860000194,1776181428,15,1,0.8,bear,mean_reversion,normal,0.011785714285714257,low,us,0,,live_ai_risk_v3,1.1465551860000194,0.15243724198068886,0.1535837971666889,0.30602103914737777,0.8405341468526416,1.5759312320916918,-0.07163323782234168,1,0.02,0,,0,,0,,0,normal,0,normal,ok
TAOUSDT,17.20430107526859,0.00035977962728390745,0,-3.858000000000004,0,-3.290886600000007,1776183603,16,1,0.8,bear,mean_reversion,normal,1.357142857142851,low,us,0,,live_ai_risk_v3,-3.290886600000007,0.15243636856008144,0.14914548196008146,0.3015818505201629,-3.59246845052017,0.1629327902240349,-2.1588594704684367,0,0.02,0,,0,,0,,0,normal,0,normal,ok
ENJUSDT,19.648318042813486,1.5671604424126109,1,0.0011758000000000046,1,4.673937840639998,1776185802,16,1,0.8,bull,mean_reversion,aggressive,0.0032714285714285723,high,us,0,,live_ai_risk_v3,4.673937840639998,0.07621672871306003,0.08089066655370002,0.15710739526676004,4.516830445373238,6.132430398796085,0.0,1,0.025,0,,0,,0,,0,normal,0,aggressive,ok
TAOUSDT,3.4482758620687832,2.5413552119427023,0,-8.560000000000002,1,1.9046310000000002,1776186182,17,1,0.8,bear,mean_reversion,normal,1.44285714285714,low,us,0,,live_ai_risk_v3,1.9046310000000002,0.15243403965291233,0.15433867065291232,0.30677271030582465,1.5978582896941755,2.2907122032486464,-0.16659725114535848,1,0.02,0,,0,,0,,0,normal,0,normal,ok
BNBUSDT,25.9136212624595,0.16087468332290078,0,-0.5547999999998865,0,-1.1770340400000026,1776187319,17,1,0.8,sideways,mean_reversion,conservative,1.0807142857142773,low,us,0,,live_ai_risk_v3,-1.1770340400000026,0.18292137160369162,0.18174433756369163,0.3646657091673833,-1.5416997491673858,0.030641207586108384,-0.6644303960779262,0,0.01,0,,0,,0,,0,normal,0,conservative,ok
AVAXUSDT,27.27272727272741,2.3453790802283674,0,-0.0702000000000016,0,-0.9390615600000077,1776188274,17,1,0.8,bear,mean_reversion,normal,0.03571428571428571,low,us,0,,live_ai_risk_v3,-0.9390615600000077,0.1463370972829533,0.1453980357229533,0.2917351330059066,-1.2307966930059142,0.42780748663102597,-0.6417112299465294,0,0.02,0,,0,,0,,0,normal,0,normal,ok
XRPUSDT,24.431818181818244,0.07598295727117926,0,-0.013219999999999787,1,0.20426346199997752,1776192070,18,1,0.8,sideways,mean_reversion,conservative,0.00254285714285718,low,us,0,,live_ai_risk_v3,0.20426346199997752,0.2134081795342741,0.21361244299627408,0.4270206225305482,-0.22275716053057065,0.14725371815638358,-0.32395817994405696,0,0.01,0,,0,,0,,0,normal,1,conservative,ok
ASTERUSDT,21.42857142857143,1.2566188103535065,0,-0.010560000000000014,0,-1.0284731560000009,1776192266,18,1,0.8,bear,mean_reversion,normal,0.0020000000000000018,low,us,0,,live_ai_risk_v3,-1.0284731560000009,0.1707265436274193,0.1696980704714193,0.3404246140988386,-1.3688977700988394,0.0,-0.6024096385542174,0,0.02,0,,0,,0,,0,normal,0,normal,ok
LINKUSDT,29.16666666666707,1.0947065439238945,0,-0.1255999999999986,1,0.15226447999999676,1776192648,18,1,0.8,bear,mean_reversion,normal,0.03285714285714292,low,us,0,,live_ai_risk_v3,0.15226447999999676,0.13658123490193544,0.1367334993819354,0.2733147342838709,-0.12105025428387411,0.44593088071347986,-0.22296544035675975,0,0.02,0,,0,,0,,0,normal,0,normal,ok
WLDUSDT,27.84810126582235,0.15687259290767785,0,-0.0024659999999999682,1,3.499689993599979,1776214866,1,2,0.8,bear,mean_reversion,normal,0.001042857142857143,low,asia,0,,live_ai_risk_v3,3.499689993599979,0.2134081795342741,0.21690786952787408,0.43031604906214815,3.0693739445378307,2.4940211820977014,0.0,1,0.02,0,,0,,0,,0,normal,0,normal,ok
ZAMAUSDT,27.19298245614027,1.7248306227532488,0,-0.0007640000000000008,1,5.74643364639999,1776245678,9,2,0.8,bear,mean_reversion,normal,0.00022428571428571406,low,europe,0,,live_ai_risk_v3,5.74643364639999,0.2134081795342741,0.21915461318067408,0.4325627927149482,5.313870853685042,3.3658700774150145,0.0,1,0.02,0,,0,,0,,0,normal,0,normal,ok
ETHUSDT,27.528517110266392,0.28383913857482485,1,1.0124000000000706,1,0.5679681200000187,1776246266,9,2,0.8,sideways,mean_reversion,aggressive,3.6757142857142235,low,europe,0,,live_ai_risk_v3,0.5679681200000187,0.1707265436274193,0.1712945117474193,0.3420210553748386,0.2259470646251801,0.4227427862240125,-0.28484503740476985,1,0.025,0,,0,,0,,0,normal,0,aggressive,ok
LINKUSDT,25.00000000000111,0.22829650430352358,1,0.01180000000000092,1,1.207347920000001,1776246471,9,2,0.8,sideways,mean_reversion,aggressive,0.019999999999999955,low,europe,0,,live_ai_risk_v3,1.207347920000001,0.13658123490193544,0.13778858282193543,0.27436981772387087,0.9329781022761301,0.8839779005524869,-0.11049723756907805,1,0.025,0,,0,,0,,0,normal,0,aggressive,ok
BIOUSDT,25.00000000000003,0.46965883185838003,1,0.0004940000000000014,0,-5.121796308599999,1776256514,12,2,0.8,bull,mean_reversion,aggressive,0.0008357142857142851,high,europe,0,,live_ai_risk_v3,-5.121796308599999,0.2134081795342741,0.20828638322567408,0.4216945627599482,-5.543490871359947,0.0,-2.3999999999999995,0,0.025,0,,0,,0,,0,normal,0,aggressive,ok
GIGGLEUSDT,25.0,1.6925365426418757,0,-0.5283999999999978,0,-1.7877125200000197,1776257331,12,2,0.8,bear,mean_reversion,normal,0.8000000000000007,medium,europe,0,,live_ai_risk_v3,-1.7877125200000197,0.1707265436274193,0.16893883110741928,0.3396653747348386,-2.1273778947348583,1.1185149928605398,-1.0471204188481789,0,0.02,0,,0,,0,,0,normal,0,normal,ok
BTCUSDT,28.570301335273527,0.5205179625568133,0,-139.17800000001444,0,-0.23296375,1776260830,13,2,0.8,bear,mean_reversion,normal,133.98642857142735,low,us,0,,live_ai_risk_v3,-0.23296375,0.2134081795342741,0.2131752157842741,0.42658339531854816,-0.6595471453185482,0.6747210463482901,-0.42281437295761304,0,0.02,0,,0,,0,,0,normal,0,normal,ok
ETHUSDT,29.2096219931272,0.8568102734634737,0,-3.8686000000002423,1,0.8599265999999866,1776260831,13,2,0.8,sideways,mean_reversion,conservative,5.207857142857198,low,us,0,,live_ai_risk_v3,0.8599265999999866,0.1707265436274193,0.1715864702274193,0.3423130138548386,0.517613586145148,1.0202939479779158,-0.10332090612435062,1,0.01,0,,0,,0,,0,normal,0,conservative,ok
WLFIUSDT,28.125000000000085,5.61091645114452,1,0.00021200000000000385,0,-0.8483306515000008,1776261246,13,2,0.8,sideways,mean_reversion,aggressive,0.0008642857142857162,medium,us,0,,live_ai_risk_v3,-0.8483306515000008,0.13658123490193544,0.13573290425043544,0.2723141391523709,-1.1206447906523715,0.12422360248447561,-1.8633540372670823,0,0.025,0,,0,,0,,0,normal,1,aggressive,ok
PAXGUSDT,28.49307159353478,0.0,0,-11.30579999999918,0,-0.34578054000001945,1776268204,15,2,0.8,bear,mean_reversion,normal,5.38071428571415,low,us,0,,live_ai_risk_v3,-0.34578054000001945,0.2134081795342741,0.2130623989942741,0.4264705785285482,-0.7722511185285676,0.1599409448818723,-0.202063592686518,0,0.02,0,,0,,0,,0,normal,0,normal,ok
GIGGLEUSDT,17.638266068759336,0.0050145514153027235,0,-3.8295999999999992,0,-6.211511100000012,1776268208,15,2,0.8,bear,mean_reversion,normal,0.8950000000000001,medium,us,0,,live_ai_risk_v3,-6.211511100000012,0.1707265436274193,0.16451503252741928,0.33524157615483857,-6.54675267615485,0.2372791985236051,-3.6382810440284805,0,0.02,0,,0,,0,,0,normal,0,normal,ok
LTCUSDT,23.076923076923507,0.4327367282333561,0,-0.05439999999999401,1,1.0870345500000045,1776273104,17,2,0.8,sideways,mean_reversion,conservative,0.08714285714285756,low,us,0,,live_ai_risk_v3,1.0870345500000045,0.1707265436274193,0.1718135781774193,0.3425401218048386,0.7444944281951659,0.6367109332363132,-0.01819174094960526,1,0.01,0,,0,,0,,0,normal,0,conservative,ok
ENJUSDT,27.736411020104242,0.43596744012020344,1,0.004918199999999998,0,-1.6031033958499952,1776273109,17,2,0.8,bull,mean_reversion,aggressive,0.004216428571428568,high,us,0,,live_ai_risk_v3,-1.6031033958499952,0.13658123490193544,0.13497813150608545,0.2715593664080209,-1.874662762258016,0.929692039511906,-1.638582219639738,0,0.025,0,,0,,0,,0,normal,0,aggressive,ok
XAUTUSDT,29.27472527472463,1.4695320255476902,0,-7.700799999999617,,,1776284054,20,2,0.8,bear,mean_reversion,normal,2.922142857142847,low,us,0,,live_ai_risk_v3,,,,,,,,,0.02,0,,0,,0,,0,normal,0,normal,ok
ENJUSDT,29.574861367837386,0.15168668700370222,1,0.0006143999999999872,,,1776284272,20,2,0.8,bull,mean_reversion,aggressive,0.001859285714285715,medium,us,0,,live_ai_risk_v3,,,,,,,,,0.025,0,,0,,0,,0,normal,0,aggressive,ok
