timestamp,symbol,action,price,quantity,rsi,ma50,ma200,volume,result1773512042,XLMUSDT,buy,0.164,1,26.31578947368513,0.1644,0.1640525,5227.0,1
1773512046,TRXUSDT,buy,0.2972,1,21.87500000000081,0.297772,0.295255,85564.9,1
1773512052,PAXUSDT,buy,0.9996,1,50.0,0.99952,0.999527,4467.9,1
1773512056,BCHSVUSDT,buy,58.9,1,71.18644067796615,55.9488,55.90615,1370.08409,1
1773512060,WAVESUSDT,buy,1.076,1,90.37037037037044,1.01426,1.047175,98527.64,1
1773512062,BTTUSDT,buy,0.002777,1,64.86486486486488,0.0027336,0.0026351599999999997,93694360.0,1
1773512149,XLMUSDT,buy,0.164,1,22.22222222222257,0.16438,0.16405,15015.0,1
1773512153,TRXUSDT,buy,0.2972,1,23.33333333333401,0.29778,0.29527349999999997,12456.8,1
1773512159,PAXUSDT,buy,0.9996,1,50.0,0.99952,0.999527,4467.9,1
1773512163,BCHSVUSDT,buy,58.9,1,71.18644067796615,55.9488,55.90615,1370.08409,1
1773512165,USDCUSDT,buy,0.9999,1,57.14285714285714,0.999814,0.9998345000000001,104498.0,1
1773512170,WAVESUSDT,buy,1.076,1,90.37037037037044,1.01426,1.047175,98527.64,1
1773512172,BTTUSDT,buy,0.002777,1,64.86486486486488,0.0027336,0.0026351599999999997,93694360.0,1
1773512246,XLMUSDT,buy,0.164,1,22.22222222222257,0.16438,0.16405,17145.0,1
1773512249,TRXUSDT,buy,0.2973,1,25.806451612903587,0.297782,0.295274,28928.1,1
1773512256,PAXUSDT,buy,0.9996,1,50.0,0.99952,0.999527,4467.9,1
1773512259,BCHSVUSDT,buy,58.9,1,71.18644067796615,55.9488,55.90615,1370.08409,1
1773512261,USDCUSDT,buy,0.9999,1,57.14285714285714,0.999814,0.9998345000000001,220560.0,1
1773512266,WAVESUSDT,buy,1.076,1,90.37037037037044,1.01426,1.047175,98527.64,1
1773512268,BTTUSDT,buy,0.002777,1,64.86486486486488,0.0027336,0.0026351599999999997,93694360.0,1
1773512342,XLMUSDT,buy,0.1642,1,30.000000000000412,0.164384,0.164051,18393.0,1
1773512346,TRXUSDT,buy,0.2972,1,23.33333333333401,0.29778,0.29527349999999997,186901.1,1
1773512352,PAXUSDT,buy,0.9996,1,50.0,0.99952,0.999527,4467.9,1
1773512355,BCHSVUSDT,buy,58.9,1,71.18644067796615,55.9488,55.90615,1370.08409,1
1773512357,USDCUSDT,buy,0.9999,1,57.14285714285714,0.999814,0.9998345000000001,5241143.0,1
1773512362,WAVESUSDT,buy,1.076,1,90.37037037037044,1.01426,1.047175,98527.64,1
1773512364,BTTUSDT,buy,0.002777,1,64.86486486486488,0.0027336,0.0026351599999999997,93694360.0,1
1773512438,XLMUSDT,buy,0.1641,1,25.000000000000696,0.16436399999999998,0.1640475,2386.0,1
1773512443,TRXUSDT,buy,0.2971,1,26.923076923077176,0.297784,0.29529099999999997,11904.2,1
1773512450,PAXUSDT,buy,0.9996,1,50.0,0.99952,0.999527,4467.9,1
1773512454,BCHSVUSDT,buy,58.9,1,71.18644067796615,55.9488,55.90615,1370.08409,1
1773512456,USDCUSDT,buy,0.9999,1,57.14285714285714,0.999816,0.9998345000000001,1000155.0,1
1773512605,WAVESUSDT,buy,1.076,1,90.37037037037044,1.01426,1.047175,98527.64,1
1773512610,BTTUSDT,buy,0.002777,1,64.86486486486488,0.0027336,0.0026351599999999997,93694360.0,1
1773512684,XLMUSDT,buy,0.1641,1,25.000000000000696,0.16436399999999998,0.1640475,5834.0,1
1773512687,TRXUSDT,buy,0.2971,1,26.923076923077176,0.297784,0.29529099999999997,358414.0,1
1773512694,PAXUSDT,buy,0.9996,1,50.0,0.99952,0.999527,4467.9,1
1773512698,BCHSVUSDT,buy,58.9,1,71.18644067796615,55.9488,55.90615,1370.08409,1
1773512706,WAVESUSDT,buy,1.076,1,90.37037037037044,1.01426,1.047175,98527.64,1
1773512709,BTTUSDT,buy,0.002777,1,64.86486486486488,0.0027336,0.0026351599999999997,93694360.0,1
1773512785,XLMUSDT,buy,0.1641,1,27.777777777778553,0.16434,0.164044,599.0,1
1773512790,TRXUSDT,buy,0.297,1,29.16666666666724,0.29778,0.29530850000000003,149842.8,1
1773512797,PAXUSDT,buy,0.9996,1,50.0,0.99952,0.999527,4467.9,1
1773512801,BCHSVUSDT,buy,58.9,1,71.18644067796615,55.9488,55.90615,1370.08409,1
1773512806,WAVESUSDT,buy,1.076,1,90.37037037037044,1.01426,1.047175,98527.64,1
1773512808,BTTUSDT,buy,0.002777,1,64.86486486486488,0.0027336,0.0026351599999999997,93694360.0,1
1773512884,XLMUSDT,buy,0.1641,1,27.777777777778553,0.16434,0.164044,1368.0,1
1773512889,TRXUSDT,buy,0.2972,1,34.61538461538585,0.297784,0.2953095,336568.9,1
1773512896,PAXUSDT,buy,0.9996,1,50.0,0.99952,0.999527,4467.9,1
1773512900,BCHSVUSDT,buy,58.9,1,71.18644067796615,55.9488,55.90615,1370.08409,1
1773512905,WAVESUSDT,buy,1.076,1,90.37037037037044,1.01426,1.047175,98527.64,1
1773512907,BTTUSDT,buy,0.002777,1,64.86486486486488,0.0027336,0.0026351599999999997,93694360.0,1
1773512984,XLMUSDT,buy,0.1642,1,31.57894736842229,0.16434200000000002,0.1640445,9893.0,1
1773512988,TRXUSDT,buy,0.2971,1,32.000000000000185,0.297782,0.295309,342029.2,1
1773512995,PAXUSDT,buy,0.9996,1,50.0,0.99952,0.999527,4467.9,1
1773513000,BCHSVUSDT,buy,58.9,1,71.18644067796615,55.9488,55.90615,1370.08409,1
1773513005,WAVESUSDT,buy,1.076,1,90.37037037037044,1.01426,1.047175,98527.64,1
1773513007,BTTUSDT,buy,0.002777,1,64.86486486486488,0.0027336,0.0026351599999999997,93694360.0,1
1773513083,XLMUSDT,buy,0.1641,1,26.315789473684745,0.164318,0.1640405,233.0,1
1773513092,PAXUSDT,buy,0.9996,1,50.0,0.99952,0.999527,4467.9,1
1773513096,BCHSVUSDT,buy,58.9,1,71.18644067796615,55.9488,55.90615,1370.08409,1
1773513099,USDCUSDT,buy,0.9999,1,55.55555555555556,0.9998180000000001,0.999835,69670.0,1
1773513104,WAVESUSDT,buy,1.076,1,90.37037037037044,1.01426,1.047175,98527.64,1
1773513107,BTTUSDT,buy,0.002777,1,64.86486486486488,0.0027336,0.0026351599999999997,93694360.0,1
1773513182,TUSDUSDT,buy,0.9994,1,50.0,0.9993879999999998,0.9994045,2235.0,1
1773513192,PAXUSDT,buy,0.9996,1,50.0,0.99952,0.999527,4467.9,1
1773513196,BCHSVUSDT,buy,58.9,1,71.18644067796615,55.9488,55.90615,1370.08409,1
1773513202,WAVESUSDT,buy,1.076,1,90.37037037037044,1.01426,1.047175,98527.64,1
1773513204,BTTUSDT,buy,0.002777,1,64.86486486486488,0.0027336,0.0026351599999999997,93694360.0,1
1773513227,TUSDUSDT,buy,0.9994,1,50.0,0.9993879999999998,0.9994045,3933.0,1
1773513279,TUSDUSDT,buy,0.9994,1,50.0,0.9993879999999998,0.9994045,5847.0,1
1773513292,LTCUSDT,buy,54.69,1,53.06122448979607,54.5576,54.859300000000005,316.076,1
1773513298,TUSDUSDT,buy,0.9994,1,50.0,0.9993879999999998,0.9994045,0.0,1
1773513303,XLMUSDT,buy,0.1644,1,27.77777777777743,0.16430399999999998,0.1640395,0.0,1
1773513311,PAXUSDT,buy,0.9996,1,50.0,0.99952,0.999527,4467.9,1
1773513315,BCHSVUSDT,buy,58.9,1,71.18644067796615,55.9488,55.90615,1370.08409,1
1773513318,USDCUSDT,buy,0.9999,1,62.5,0.99982,0.9998355000000001,24401.0,1
1773513323,WAVESUSDT,buy,1.076,1,90.37037037037044,1.01426,1.047175,98527.64,1
1773513325,BTTUSDT,buy,0.002777,1,64.86486486486488,0.0027336,0.0026351599999999997,93694360.0,1
1773513401,XLMUSDT,buy,0.1644,1,27.77777777777743,0.16430399999999998,0.1640395,5345.0,1
1773513409,PAXUSDT,buy,0.9996,1,50.0,0.99952,0.999527,4467.9,1
1773513412,BCHSVUSDT,buy,58.9,1,71.18644067796615,55.9488,55.90615,1370.08409,1
1773513417,WAVESUSDT,buy,1.076,1,90.37037037037044,1.01426,1.047175,98527.64,1
1773513419,BTTUSDT,buy,0.002777,1,64.86486486486488,0.0027336,0.0026351599999999997,93694360.0,1
1773513490,LTCUSDT,buy,54.69,1,50.0,54.558,54.85555,332.62,1
1773513497,XLMUSDT,buy,0.1646,1,34.99999999999979,0.16430799999999998,0.1640405,6960.0,1
1773513505,PAXUSDT,buy,0.9996,1,50.0,0.99952,0.999527,4467.9,1
1773513509,BCHSVUSDT,buy,58.9,1,71.18644067796615,55.9488,55.90615,1370.08409,1
1773513514,WAVESUSDT,buy,1.076,1,90.37037037037044,1.01426,1.047175,98527.64,1
1773513516,BTTUSDT,buy,0.002777,1,64.86486486486488,0.0027336,0.0026351599999999997,93694360.0,1
1773513521,ONGUSDT,buy,0.05952,1,61.29032258064509,0.059457199999999995,0.059669549999999995,119.0,1
1773513588,LTCUSDT,buy,54.69,1,50.0,54.558,54.85555,721.551,1
1773513596,XLMUSDT,buy,0.1645,1,31.578947368421282,0.16430599999999998,0.16404,7598.0,1
1773513600,TRXUSDT,buy,0.2969,1,31.57894736842229,0.29778000000000004,0.2953635,0.0,1
1773513606,PAXUSDT,buy,0.9996,1,50.0,0.99952,0.999527,4467.9,1
1773513610,BCHSVUSDT,buy,58.9,1,71.18644067796615,55.9488,55.90615,1370.08409,1
1773513615,WAVESUSDT,buy,1.076,1,90.37037037037044,1.01426,1.047175,98527.64,1
1773513617,BTTUSDT,buy,0.002777,1,64.86486486486488,0.0027336,0.0026351599999999997,93694360.0,1
1773513622,ONGUSDT,buy,0.05952,1,61.29032258064509,0.059455799999999996,0.059666449999999996,0.0,1
1773514060,LTCUSDT,buy,54.77,1,65.90909090909105,54.5646,54.84815,488.39,1
1773514062,QTUMUSDT,buy,0.881,1,62.50000000000001,0.8780199999999999,0.887895,0.0,1
1773514071,ONTUSDT,buy,0.04063,1,83.78378378378551,0.0404832,0.04114935,0.0,1
1773514074,TRXUSDT,buy,0.2969,1,27.77777777777743,0.297778,0.295381,537250.5,1
1773514082,PAXUSDT,buy,0.9996,1,50.0,0.99952,0.999527,4467.9,1
1773514087,BCHSVUSDT,buy,58.9,1,71.18644067796615,55.9488,55.90615,1370.08409,1
1773514089,USDCUSDT,buy,0.9999,1,62.5,0.99982,0.9998355000000001,275416.0,1
1773514095,WAVESUSDT,buy,1.076,1,90.37037037037044,1.01426,1.047175,98527.64,1
1773514097,BTTUSDT,buy,0.002777,1,64.86486486486488,0.0027336,0.0026351599999999997,93694360.0,1
1773514169,LTCUSDT,buy,54.8,1,68.08510638297847,54.5652,54.8483,703.628,1
1773514171,QTUMUSDT,buy,0.881,1,62.50000000000001,0.8780199999999999,0.887895,0.0,1
1773514180,TRXUSDT,buy,0.2966,1,23.809523809523313,0.297772,0.29537949999999996,1830743.4,1
1773514187,PAXUSDT,buy,0.9996,1,50.0,0.99952,0.999527,4467.9,1
1773514191,BCHSVUSDT,buy,58.9,1,71.18644067796615,55.9488,55.90615,1370.08409,1
1773514196,WAVESUSDT,buy,1.076,1,90.37037037037044,1.01426,1.047175,98527.64,1
1773514199,BTTUSDT,buy,0.002777,1,64.86486486486488,0.0027336,0.0026351599999999997,93694360.0,1
1773514272,QTUMUSDT,buy,0.881,1,62.50000000000001,0.87812,0.8878,0.0,1
1773514281,TRXUSDT,buy,0.2967,1,33.333333333334366,0.297768,0.295396,89517.4,1
1773514288,PAXUSDT,buy,0.9996,1,50.0,0.99952,0.999527,4467.9,1
1773514292,BCHSVUSDT,buy,58.9,1,71.18644067796615,55.9488,55.90615,1370.08409,1
1773514297,WAVESUSDT,buy,1.076,1,90.37037037037044,1.01426,1.047175,98527.64,1
1773514299,BTTUSDT,buy,0.002777,1,64.86486486486488,0.0027336,0.0026351599999999997,93694360.0,1
1773514305,ONGUSDT,buy,0.05954,1,56.66666666666721,0.059456800000000004,0.0596608,190.0,1
1773514374,QTUMUSDT,buy,0.881,1,62.50000000000001,0.87812,0.8878,0.0,1
1773514382,TRXUSDT,buy,0.2967,1,33.333333333334366,0.297768,0.295396,138707.2,1
1773514390,PAXUSDT,buy,0.9996,1,50.0,0.99952,0.999527,4467.9,1
1773514394,BCHSVUSDT,buy,58.9,1,71.18644067796615,55.9488,55.90615,1370.08409,1
1773514399,WAVESUSDT,buy,1.076,1,90.37037037037044,1.01426,1.047175,98527.64,1
1773514401,BTTUSDT,buy,0.002777,1,64.86486486486488,0.0027336,0.0026351599999999997,93694360.0,1
1773514407,ONGUSDT,buy,0.05954,1,56.66666666666721,0.059456800000000004,0.0596608,190.0,1
1773514476,QTUMUSDT,buy,0.881,1,62.50000000000001,0.87812,0.8878,0.0,1
1773514485,TRXUSDT,buy,0.2967,1,33.333333333334366,0.297768,0.295396,255560.5,1
1773514492,PAXUSDT,buy,0.9996,1,50.0,0.99952,0.999527,4467.9,1
1773514496,BCHSVUSDT,buy,58.9,1,71.18644067796615,55.9488,55.90615,1370.08409,1
1773514501,WAVESUSDT,buy,1.076,1,90.37037037037044,1.01426,1.047175,98527.64,1
1773514528,NEOUSDT,buy,2.557,1,66.66666666666737,2.55246,2.5762650000000002,0.0,1
1773514532,QTUMUSDT,buy,0.881,1,71.42857142857143,0.87822,0.887705,0.0,1
1773514545,PAXUSDT,buy,0.9996,1,50.0,0.99952,0.999527,4467.9,1
1773514549,BCHSVUSDT,buy,58.9,1,71.18644067796615,55.9488,55.90615,1370.08409,1
1773514552,USDCUSDT,buy,0.9999,1,50.0,0.9998220000000001,0.999835,77334.0,1
1773514557,WAVESUSDT,buy,1.076,1,90.37037037037044,1.01426,1.047175,98527.64,1
1773514559,BTTUSDT,buy,0.002777,1,64.86486486486488,0.0027336,0.0026351599999999997,93694360.0,1
1773514569,ONGUSDT,buy,0.05954,1,56.66666666666721,0.059458399999999995,0.059657299999999996,0.0,1
1773514648,NEOUSDT,buy,2.557,1,66.66666666666737,2.55246,2.5762650000000002,0.0,1
1773514661,PAXUSDT,buy,0.9996,1,50.0,0.99952,0.999527,4467.9,1
1773514665,BCHSVUSDT,buy,58.9,1,71.18644067796615,55.9488,55.90615,1370.08409,1
1773514667,USDCUSDT,buy,0.9999,1,50.0,0.9998220000000001,0.999835,204783.0,1
1773514672,WAVESUSDT,buy,1.076,1,90.37037037037044,1.01426,1.047175,98527.64,1
1773514674,BTTUSDT,buy,0.002777,1,64.86486486486488,0.0027336,0.0026351599999999997,93694360.0,1
1773514743,NEOUSDT,buy,2.558,1,68.18181818181873,2.55248,2.57627,464.03,1
1773514748,QTUMUSDT,buy,0.881,1,71.42857142857143,0.87822,0.887705,725.9,1
1773514761,PAXUSDT,buy,0.9996,1,50.0,0.99952,0.999527,4467.9,1
1773514766,BCHSVUSDT,buy,58.9,1,71.18644067796615,55.9488,55.90615,1370.08409,1
1773514771,WAVESUSDT,buy,1.076,1,90.37037037037044,1.01426,1.047175,98527.64,1
1773514773,BTTUSDT,buy,0.002777,1,64.86486486486488,0.0027336,0.0026351599999999997,93694360.0,1
1773514844,NEOUSDT,buy,2.558,1,88.23529411764798,2.55262,2.57604,0.0,1
1773514852,IOTAUSDT,buy,0.0632,1,62.50000000000001,0.06312800000000002,0.063249,141.0,1
1773514861,PAXUSDT,buy,0.9996,1,50.0,0.99952,0.999527,4467.9,1
1773514866,BCHSVUSDT,buy,58.9,1,71.18644067796615,55.9488,55.90615,1370.08409,1
1773514871,WAVESUSDT,buy,1.076,1,90.37037037037044,1.01426,1.047175,98527.64,1
1773514873,BTTUSDT,buy,0.002777,1,64.86486486486488,0.0027336,0.0026351599999999997,93694360.0,1
1773514980,NEOUSDT,buy,2.558,1,88.23529411764798,2.55262,2.57604,0.0,1
1773514994,PAXUSDT,buy,0.9996,1,50.0,0.99952,0.999527,4467.9,1
1773514999,BCHSVUSDT,buy,58.9,1,71.18644067796615,55.9488,55.90615,1370.08409,1
1773515003,WAVESUSDT,buy,1.076,1,90.37037037037044,1.01426,1.047175,98527.64,1
1773515006,BTTUSDT,buy,0.002777,1,64.86486486486488,0.0027336,0.0026351599999999997,93694360.0,1
1773515088,PAXUSDT,buy,0.9996,1,50.0,0.99952,0.999527,4467.9,1
1773515092,BCHSVUSDT,buy,58.9,1,71.18644067796615,55.9488,55.90615,1370.08409,1
1773515097,WAVESUSDT,buy,1.076,1,90.37037037037044,1.01426,1.047175,98527.64,1
1773515099,BTTUSDT,buy,0.002777,1,64.86486486486488,0.0027336,0.0026351599999999997,93694360.0,1
1773515106,HOTUSDT,buy,0.000412,1,75.00000000000034,0.0004115,0.00041165500000000003,0.0,1
1773515197,TRXUSDT,buy,0.2967,1,31.250000000000213,0.297742,0.295447,34965.0,1
1773515202,ICXUSDT,buy,0.0356,1,50.0,0.035668000000000005,0.036084,0.0,1
1773515207,PAXUSDT,buy,0.9996,1,50.0,0.99952,0.999527,4467.9,1
1773515212,BCHSVUSDT,buy,58.9,1,71.18644067796615,55.9488,55.90615,1370.08409,1
1773515214,USDCUSDT,buy,0.9999,1,50.0,0.9998180000000001,0.999834,154501.0,1
1773515220,WAVESUSDT,buy,1.076,1,90.37037037037044,1.01426,1.047175,98527.64,1
1773515222,BTTUSDT,buy,0.002777,1,64.86486486486488,0.0027336,0.0026351599999999997,93694360.0,1
1773515228,HOTUSDT,buy,0.000412,1,75.00000000000034,0.0004115,0.00041165500000000003,0.0,1
1773515291,BTCUSDT,buy,70668.33,1,60.72204579642435,70637.1794,70746.3018,6.41898,1
1773515307,ICXUSDT,buy,0.0356,1,50.0,0.035668000000000005,0.036084,0.0,1
1773515341,TRXUSDT,buy,0.2967,1,31.250000000000213,0.297742,0.295447,111520.1,1
1773515345,ICXUSDT,buy,0.0356,1,50.0,0.035668000000000005,0.036084,0.0,1
1773515351,PAXUSDT,buy,0.9996,1,50.0,0.99952,0.999527,4467.9,1
1773515355,BCHSVUSDT,buy,58.9,1,71.18644067796615,55.9488,55.90615,1370.08409,1
1773515358,USDCUSDT,buy,0.9999,1,50.0,0.9998180000000001,0.999834,504795.0,1
1773515364,WAVESUSDT,buy,1.076,1,90.37037037037044,1.01426,1.047175,98527.64,1
1773515366,BTTUSDT,buy,0.002777,1,64.86486486486488,0.0027336,0.0026351599999999997,93694360.0,1
1773515443,TRXUSDT,buy,0.2968,1,26.66666666666741,0.29773,0.295465,3040.8,1
1773515448,ICXUSDT,buy,0.0356,1,50.0,0.035666,0.036078,0.0,1
1773515453,PAXUSDT,buy,0.9996,1,50.0,0.99952,0.999527,4467.9,1
1773515458,BCHSVUSDT,buy,58.9,1,71.18644067796615,55.9488,55.90615,1370.08409,1
1773515460,USDCUSDT,buy,0.9999,1,57.14285714285714,0.999816,0.999834,76644.0,1
1773515466,WAVESUSDT,buy,1.076,1,90.37037037037044,1.01426,1.047175,98527.64,1
1773515468,BTTUSDT,buy,0.002777,1,64.86486486486488,0.0027336,0.0026351599999999997,93694360.0,1
1773515759,TRXUSDT,buy,0.2968,1,33.33333333333333,0.297712,0.29548199999999997,5422.0,1
1773515765,PAXUSDT,buy,0.9996,1,50.0,0.99952,0.999527,4467.9,1
1773515769,BCHSVUSDT,buy,58.9,1,71.18644067796615,55.9488,55.90615,1370.08409,1
1773515771,USDCUSDT,buy,0.9999,1,57.14285714285714,0.9998179999999999,0.9998345000000001,82213.0,1
1773515776,WAVESUSDT,buy,1.076,1,90.37037037037044,1.01426,1.047175,98527.64,1
1773515778,BTTUSDT,buy,0.002777,1,64.86486486486488,0.0027336,0.0026351599999999997,93694360.0,1
1773515845,BTCUSDT,buy,70703.08,1,75.20186007186524,70637.9284,70745.1179,2.89109,1
1773515847,ETHUSDT,buy,2078.1,1,64.81802426343307,2075.5514,2079.61505,152.6413,1
1773515854,LTCUSDT,buy,54.81,1,81.08108108108124,54.603199999999994,54.82655,306.298,1
1773515863,TRXUSDT,buy,0.2966,1,28.571428571428,0.29770800000000003,0.295481,279930.4,1
1773515865,ETCUSDT,buy,8.23,1,55.55555555555556,8.2284,8.29915,89.45,1
1773515872,PAXUSDT,buy,0.9996,1,50.0,0.99952,0.999527,4467.9,1
1773515876,BCHSVUSDT,buy,58.9,1,71.18644067796615,55.9488,55.90615,1370.08409,1
1773515879,USDCUSDT,buy,0.9999,1,57.14285714285714,0.9998179999999999,0.9998345000000001,177731.0,1
1773515882,LINKUSDT,buy,9.03,1,66.66666666666666,9.016,9.01365,749.29,1
1773515887,WAVESUSDT,buy,1.076,1,90.37037037037044,1.01426,1.047175,98527.64,1
1773515890,BTTUSDT,buy,0.002777,1,64.86486486486488,0.0027336,0.0026351599999999997,93694360.0,1
1773515967,TRXUSDT,buy,0.2967,1,30.7692307692311,0.29771000000000003,0.2954815,287493.7,1
1773515969,ETCUSDT,buy,8.23,1,55.55555555555556,8.2284,8.29915,104.52,1
1773515976,PAXUSDT,buy,0.9996,1,50.0,0.99952,0.999527,4467.9,1
1773515980,BCHSVUSDT,buy,58.9,1,71.18644067796615,55.9488,55.90615,1370.08409,1
1773515982,USDCUSDT,buy,0.9999,1,57.14285714285714,0.9998179999999999,0.9998345000000001,300492.0,1
1773515985,LINKUSDT,buy,9.03,1,66.66666666666666,9.016,9.01365,766.88,1
1773515989,WAVESUSDT,buy,1.076,1,90.37037037037044,1.01426,1.047175,98527.64,1
1773515992,BTTUSDT,buy,0.002777,1,64.86486486486488,0.0027336,0.0026351599999999997,93694360.0,1
1773516060,ETHUSDT,buy,2077.42,1,68.01125703564821,2075.583,2079.5376499999998,134.9667,1
1773516071,TRXUSDT,buy,0.2966,1,28.571428571428,0.297682,0.29549699999999995,10305.0,1
1773516077,PAXUSDT,buy,0.9996,1,50.0,0.99952,0.999527,4467.9,1
1773516081,BCHSVUSDT,buy,58.9,1,71.18644067796615,55.9488,55.90615,1370.08409,1
1773516083,USDCUSDT,buy,0.9999,1,57.14285714285714,0.99982,0.9998345000000001,566462.0,1
1773516087,LINKUSDT,buy,9.03,1,75.0,9.017,9.01345,23.12,1
1773516090,WAVESUSDT,buy,1.076,1,90.37037037037044,1.01426,1.047175,98527.64,1
1773516093,BTTUSDT,buy,0.002777,1,64.86486486486488,0.0027336,0.0026351599999999997,93694360.0,1
1773516169,TRXUSDT,buy,0.2967,1,33.333333333334565,0.297684,0.29549749999999997,17599.8,1
1773516175,PAXUSDT,buy,0.9996,1,50.0,0.99952,0.999527,4467.9,1
1773516179,BCHSVUSDT,buy,58.9,1,71.18644067796615,55.9488,55.90615,1370.08409,1
1773516183,LINKUSDT,buy,9.03,1,75.0,9.017,9.01345,40.29,1
1773516185,WAVESUSDT,buy,1.076,1,90.37037037037044,1.01426,1.047175,98527.64,1
1773516188,BTTUSDT,buy,0.002777,1,64.86486486486488,0.0027336,0.0026351599999999997,93694360.0,1
1773516255,BTCUSDT,buy,70690.01,1,72.0780017170178,70638.0354,70744.582,2.66547,1
1773516257,ETHUSDT,buy,2077.45,1,68.10102899906471,2075.5836,2079.5378,282.9207,1
1773516269,TRXUSDT,buy,0.2967,1,33.333333333334565,0.297684,0.29549749999999997,22701.2,1
1773516275,PAXUSDT,buy,0.9996,1,50.0,0.99952,0.999527,4467.9,1
1773516279,BCHSVUSDT,buy,58.9,1,71.18644067796615,55.9488,55.90615,1370.08409,1
1773516284,WAVESUSDT,buy,1.076,1,90.37037037037044,1.01426,1.047175,98527.64,1
1773516286,BTTUSDT,buy,0.002777,1,64.86486486486488,0.0027336,0.0026351599999999997,93694360.0,1
1773519770,BTCUSDT,buy,70747.02,1,61.40445333230741,70661.68400000001,70727.7774,4.86771,1
1773519772,ETHUSDT,buy,2080.23,1,64.68781985670299,2076.4508,2078.393,241.1948,1
1773519789,PAXUSDT,buy,0.9996,1,50.0,0.99952,0.999527,4467.9,1
1773519793,BCHSVUSDT,buy,58.9,1,71.18644067796615,55.9488,55.90615,1370.08409,1
1773519797,LINKUSDT,buy,9.04,1,60.0,9.027199999999999,9.00945,132.13,1
1773521170,QTUMUSDT,buy,0.88,1,60.0,0.8787400000000001,0.88493,0.0,1
1773521181,PAXUSDT,buy,0.9996,1,50.0,0.99952,0.999527,4467.9,1
1773521185,BCHSVUSDT,buy,58.9,1,71.18644067796615,55.9488,55.90615,1370.08409,1
1773521191,WAVESUSDT,buy,1.076,1,90.37037037037044,1.01426,1.047175,98527.64,1
1773521193,BTTUSDT,buy,0.002777,1,64.86486486486488,0.0027336,0.0026351599999999997,93694360.0,1
1773521261,ETHUSDT,buy,2084.36,1,75.14749262536776,2077.055,2077.8746499999997,201.6305,1
1773521263,BNBUSDT,buy,654.27,1,57.6208178438651,653.4614,653.40055,16.256,1
1773521270,QTUMUSDT,buy,0.88,1,60.0,0.8787400000000001,0.88493,0.0,1
1773521272,ADAUSDT,buy,0.2597,1,56.52173913043447,0.259648,0.26114550000000003,186422.3,1
1773521279,TUSDUSDT,buy,0.9993,1,50.0,0.9993,0.9993835,154.0,1
1773521281,IOTAUSDT,buy,0.0633,1,71.42857142857086,0.063058,0.063176,37304.0,1
1773521285,XLMUSDT,buy,0.1642,1,61.111111111111626,0.16427,0.1639075,53583.0,1
1773521291,TRXUSDT,buy,0.2971,1,63.63636363636363,0.297258,0.295753,69108.6,1
1773521297,PAXUSDT,buy,0.9996,1,50.0,0.99952,0.999527,4467.9,1
1773521301,BCHSVUSDT,buy,58.9,1,71.18644067796615,55.9488,55.90615,1370.08409,1
1773521305,LINKUSDT,buy,9.04,1,50.0,9.027999999999999,9.00725,1005.86,1
1773521307,WAVESUSDT,buy,1.076,1,90.37037037037044,1.01426,1.047175,98527.64,1
1773521310,BTTUSDT,buy,0.002777,1,64.86486486486488,0.0027336,0.0026351599999999997,93694360.0,1
1773521315,ONGUSDT,buy,0.05945,1,54.83870967741965,0.0594452,0.05957415,921.0,1
1773521380,ETHUSDT,buy,2085.13,1,76.4829030006968,2077.0704,2077.8785000000003,954.0513,1
1773521389,XLMUSDT,buy,0.1641,1,58.8235294117648,0.164268,0.163907,65171.0,1
1773521393,TRXUSDT,buy,0.2971,1,63.63636363636363,0.297258,0.295753,85569.4,1
1773521399,PAXUSDT,buy,0.9996,1,50.0,0.99952,0.999527,4467.9,1
1773521403,BCHSVUSDT,buy,58.9,1,71.18644067796615,55.9488,55.90615,1370.08409,1
1773521407,LINKUSDT,buy,9.04,1,50.0,9.027999999999999,9.00685,418.05,1
1773521409,WAVESUSDT,buy,1.076,1,90.37037037037044,1.01426,1.047175,98527.64,1
1773521412,BTTUSDT,buy,0.002777,1,64.86486486486488,0.0027336,0.0026351599999999997,93694360.0,1
1773521417,ONGUSDT,buy,0.05945,1,50.0,0.059443600000000006,0.05957035,0.0,1
1773521488,XLMUSDT,buy,0.1641,1,56.25000000000032,0.164262,0.16390000000000002,1035.0,1
1773521492,TRXUSDT,buy,0.2971,1,60.0,0.297228,0.2957655,7413.7,1
1773521498,PAXUSDT,buy,0.9996,1,50.0,0.99952,0.999527,4467.9,1
1773521502,BCHSVUSDT,buy,58.9,1,71.18644067796615,55.9488,55.90615,1370.08409,1
1773521506,LINKUSDT,buy,9.04,1,50.0,9.027999999999999,9.00685,421.7,1
1773521508,WAVESUSDT,buy,1.076,1,90.37037037037044,1.01426,1.047175,98527.64,1
1773521511,BTTUSDT,buy,0.002777,1,64.86486486486488,0.0027336,0.0026351599999999997,93694360.0,1
1773521516,ONGUSDT,buy,0.05945,1,50.0,0.059443600000000006,0.05957035,0.0,1
1773521585,ADAUSDT,buy,0.2597,1,51.999999999999915,0.259612,0.26111650000000003,76986.3,1
1773521592,TRXUSDT,buy,0.2971,1,60.0,0.297228,0.2957655,29277.8,1
1773521598,PAXUSDT,buy,0.9996,1,50.0,0.99952,0.999527,4467.9,1
1773525646,BCHSVUSDT,buy,58.9,1,71.18644067796615,55.9488,55.90615,1370.08409,1
1773525669,USDCUSDT,buy,0.9999,1,57.14285714285714,0.999844,0.9998345000000001,33220.0,1
1773525673,LINKUSDT,buy,9.1,1,74.99999999999963,9.0348,9.00415,8838.86,1
1773525678,WAVESUSDT,buy,1.076,1,90.37037037037044,1.01426,1.047175,98527.64,1
1773525681,BTTUSDT,buy,0.002777,1,64.86486486486488,0.0027336,0.0026351599999999997,93694360.0,1
1773525688,HOTUSDT,buy,0.000413,1,66.66666666666636,0.00041098,0.000410635,0.0,1
1773525797,ETHUSDT,buy,2087.79,1,56.889605157131065,2079.6558,2076.90145,338.614,1
1773525800,BNBUSDT,buy,655.15,1,67.19242902208273,653.5518,653.21245,238.232,1
1773525806,LTCUSDT,buy,54.7,1,60.0,54.643600000000006,54.6595,286.97,1
1773525813,XLMUSDT,buy,0.1646,1,66.66666666666666,0.164016,0.163852,31283.0,1
1773525815,ONTUSDT,buy,0.04051,1,72.72727272727253,0.040360599999999996,0.0407662,7713.0,1
1773525819,TRXUSDT,buy,0.2975,1,69.2307692307689,0.29702399999999995,0.2959795,55811.6,1
1773525828,PAXUSDT,buy,0.9996,1,50.0,0.99952,0.999527,4467.9,1
1773525832,BCHSVUSDT,buy,58.9,1,71.18644067796615,55.9488,55.90615,1370.08409,1
1773525836,LINKUSDT,buy,9.1,1,74.99999999999963,9.0348,9.00415,11249.16,1
1773525837,WAVESUSDT,buy,1.076,1,90.37037037037044,1.01426,1.047175,98527.64,1
1773525841,BTTUSDT,buy,0.002777,1,64.86486486486488,0.0027336,0.0026351599999999997,93694360.0,1
1773525846,HOTUSDT,buy,0.000413,1,66.66666666666636,0.00041098,0.000410635,0.0,1
1773525912,BNBUSDT,buy,654.89,1,64.26116838488058,653.5824,653.2040499999999,2.828,1
1773525920,TUSDUSDT,buy,0.9993,1,100.0,0.999238,0.999367,0.0,1
1773525924,ONTUSDT,buy,0.04051,1,78.68852459016398,0.0403624,0.04075789999999999,0.0,1
1773525928,ETCUSDT,buy,8.23,1,57.142857142856776,8.2134,8.253300000000001,0.0,1
1773525930,ICXUSDT,buy,0.0355,1,50.0,0.035476,0.035836,0.0,1
1773525936,VETUSDT,buy,0.007099,1,57.142857142857494,0.00709086,0.007125755,38380.4,1
1773525938,PAXUSDT,buy,0.9996,1,50.0,0.99952,0.999527,4467.9,1
1773525944,BCHSVUSDT,buy,58.9,1,71.18644067796615,55.9488,55.90615,1370.08409,1
1773525948,LINKUSDT,buy,9.11,1,76.92307692307651,9.0368,9.004399999999999,2598.96,1
1773525950,WAVESUSDT,buy,1.076,1,90.37037037037044,1.01426,1.047175,98527.64,1
1773525953,BTTUSDT,buy,0.002777,1,64.86486486486488,0.0027336,0.0026351599999999997,93694360.0,1
1773525961,HOTUSDT,buy,0.000413,1,79.99999999999977,0.00041104,0.000410625,0.0,1
1773526027,BNBUSDT,buy,654.94,1,64.86486486486652,653.5834,653.2043,22.869,1
1773526031,NEOUSDT,buy,2.554,1,71.42857142857173,2.54832,2.56289,325.04,1
1773526033,LTCUSDT,buy,54.71,1,61.29032258064486,54.646,54.655649999999994,183.278,1
1773526038,QTUMUSDT,buy,0.881,1,55.55555555555556,0.87896,0.883095,19.3,1
1773526042,ADAUSDT,buy,0.2603,1,60.00000000000044,0.25934799999999997,0.2606995,98568.0,1
1773526051,TRXUSDT,buy,0.2975,1,69.2307692307689,0.29702799999999996,0.295995,84741.7,1
1773526055,ICXUSDT,buy,0.0355,1,50.0,0.035476,0.035836,0.0,1
1773526061,VETUSDT,buy,0.007099,1,57.142857142857494,0.00709086,0.007125755,38380.4,1
1773526063,PAXUSDT,buy,0.9996,1,50.0,0.99952,0.999527,4467.9,1
1773526069,BCHSVUSDT,buy,58.9,1,71.18644067796615,55.9488,55.90615,1370.08409,1
1773526071,USDCUSDT,buy,0.9999,1,50.0,0.999842,0.9998345000000001,427597.0,1
1773526076,WAVESUSDT,buy,1.076,1,90.37037037037044,1.01426,1.047175,98527.64,1
1773526078,BTTUSDT,buy,0.002777,1,64.86486486486488,0.0027336,0.0026351599999999997,93694360.0,1
1773526086,HOTUSDT,buy,0.000413,1,79.99999999999977,0.00041104,0.000410625,0.0,1
1773526153,NEOUSDT,buy,2.554,1,71.42857142857173,2.54832,2.56289,325.04,1
1773526157,QTUMUSDT,buy,0.881,1,55.55555555555556,0.87896,0.883095,19.3,1
1773526159,ADAUSDT,buy,0.2605,1,62.96296296296395,0.25935199999999997,0.2607005,240643.9,1
1773526167,XLMUSDT,buy,0.1647,1,68.75000000000033,0.164024,0.16385650000000002,86545.0,1
1773526172,TRXUSDT,buy,0.2976,1,71.42857142857086,0.29703,0.2959955,102534.0,1
1773526174,ETCUSDT,buy,8.23,1,57.142857142856776,8.2134,8.253300000000001,1367.26,1
1773526182,PAXUSDT,buy,0.9996,1,50.0,0.99952,0.999527,4467.9,1
1773526186,BCHSVUSDT,buy,58.9,1,71.18644067796615,55.9488,55.90615,1370.08409,1
1773526191,WAVESUSDT,buy,1.076,1,90.37037037037044,1.01426,1.047175,98527.64,1
1773526193,BTTUSDT,buy,0.002777,1,64.86486486486488,0.0027336,0.0026351599999999997,93694360.0,1
1773526200,HOTUSDT,buy,0.000413,1,79.99999999999977,0.0004110800000000001,0.000410615,0.0,1
1773526269,QTUMUSDT,buy,0.881,1,55.55555555555556,0.87902,0.8830100000000001,0.0,1
1773526278,ETCUSDT,buy,8.23,1,80.00000000000071,8.213799999999999,8.25245,327.66,1
1773526285,PAXUSDT,buy,0.9996,1,50.0,0.99952,0.999527,4467.9,1
1773526289,BCHSVUSDT,buy,58.9,1,71.18644067796615,55.9488,55.90615,1370.08409,1
1773526294,WAVESUSDT,buy,1.076,1,90.37037037037044,1.01426,1.047175,98527.64,1
1773526296,BTTUSDT,buy,0.002777,1,64.86486486486488,0.0027336,0.0026351599999999997,93694360.0,1
1773526303,HOTUSDT,buy,0.000413,1,79.99999999999977,0.0004110800000000001,0.000410615,0.0,1
1773526371,QTUMUSDT,buy,0.881,1,55.55555555555556,0.87902,0.8830100000000001,0.0,1
1773526373,ADAUSDT,buy,0.2607,1,70.37037037037075,0.25937800000000005,0.260686,137203.8,1
1773526384,XLMUSDT,buy,0.1647,1,85.71428571428402,0.164032,0.16386199999999998,23127.0,1
1773526390,TRXUSDT,buy,0.2976,1,69.2307692307689,0.29703199999999996,0.29601099999999997,55723.5,1
1773526392,ETCUSDT,buy,8.23,1,80.00000000000071,8.213799999999999,8.25245,577.88,1
1773526399,VETUSDT,buy,0.007098,1,61.97183098591603,0.0070906400000000005,0.007125315,60013.3,1
1773526402,PAXUSDT,buy,0.9996,1,50.0,0.99952,0.999527,4467.9,1
1773526408,BCHSVUSDT,buy,58.9,1,71.18644067796615,55.9488,55.90615,1370.08409,1
1773526410,USDCUSDT,buy,0.9999,1,60.0,0.999842,0.9998345000000001,165791.0,1
1773526416,WAVESUSDT,buy,1.076,1,90.37037037037044,1.01426,1.047175,98527.64,1
1773526418,BTTUSDT,buy,0.002777,1,64.86486486486488,0.0027336,0.0026351599999999997,93694360.0,1
1773526424,HOTUSDT,buy,0.000413,1,79.99999999999977,0.0004110800000000001,0.000410615,0.0,1
1773526494,ADAUSDT,buy,0.2605,1,68.00000000000063,0.259374,0.260685,193769.0,1
1773526500,TUSDUSDT,buy,0.9993,1,66.66666666666666,0.9992359999999999,0.9993655,0.0,1
1773526506,TRXUSDT,buy,0.2976,1,69.2307692307689,0.29704,0.2960265,248.1,1
1773526510,ICXUSDT,buy,0.0355,1,50.0,0.035469999999999995,0.0358235,0.0,1
1773526516,PAXUSDT,buy,0.9996,1,50.0,0.99952,0.999527,4467.9,1
1773526520,BCHSVUSDT,buy,58.9,1,71.18644067796615,55.9488,55.90615,1370.08409,1
1773526525,WAVESUSDT,buy,1.076,1,90.37037037037044,1.01426,1.047175,98527.64,1
1773526528,BTTUSDT,buy,0.002777,1,64.86486486486488,0.0027336,0.0026351599999999997,93694360.0,1
1773526534,HOTUSDT,buy,0.000413,1,79.99999999999977,0.00041112,0.00041061,0.0,1
1773526604,ADAUSDT,buy,0.2606,1,81.81818181818319,0.259402,0.260669,109845.5,1
1773526611,XLMUSDT,buy,0.1649,1,93.33333333333235,0.16405,0.16386900000000001,18564.0,1
1773526616,ICXUSDT,buy,0.0355,1,50.0,0.035469999999999995,0.0358235,450.4,1
1773526622,PAXUSDT,buy,0.9996,1,50.0,0.99952,0.999527,4467.9,1
1773526626,BCHSVUSDT,buy,58.9,1,71.18644067796615,55.9488,55.90615,1370.08409,1
1773526629,USDCUSDT,buy,0.9999,1,60.0,0.999842,0.999834,99335.0,1
1773526634,WAVESUSDT,buy,1.076,1,90.37037037037044,1.01426,1.047175,98527.64,1
1773526637,BTTUSDT,buy,0.002777,1,64.86486486486488,0.0027336,0.0026351599999999997,93694360.0,1
1773526713,XLMUSDT,buy,0.1648,1,92.85714285714187,0.16404800000000003,0.1638685,25810.0,1
1773526719,ICXUSDT,buy,0.0355,1,50.0,0.035469999999999995,0.0358235,450.4,1
1773526725,PAXUSDT,buy,0.9996,1,50.0,0.99952,0.999527,4467.9,1
1773526729,BCHSVUSDT,buy,58.9,1,71.18644067796615,55.9488,55.90615,1370.08409,1
1773526734,WAVESUSDT,buy,1.076,1,90.37037037037044,1.01426,1.047175,98527.64,1
1773526736,BTTUSDT,buy,0.002777,1,64.86486486486488,0.0027336,0.0026351599999999997,93694360.0,1
1773526814,TRXUSDT,buy,0.2976,1,64.28571428571314,0.297046,0.2960415,466.5,1
1773526818,ICXUSDT,buy,0.0355,1,50.0,0.035468,0.0358175,0.0,1
1773526825,PAXUSDT,buy,0.9996,1,50.0,0.99952,0.999527,4467.9,1
1773526829,BCHSVUSDT,buy,58.9,1,71.18644067796615,55.9488,55.90615,1370.08409,1
1773526831,USDCUSDT,buy,0.9999,1,60.0,0.999844,0.9998345000000001,18621.0,1
1773526837,WAVESUSDT,buy,1.076,1,90.37037037037044,1.01426,1.047175,98527.64,1
1773526839,BTTUSDT,buy,0.002777,1,64.86486486486488,0.0027336,0.0026351599999999997,93694360.0,1
1773526845,HOTUSDT,buy,0.000413,1,66.66666666666636,0.00041114000000000005,0.0004106,799457.0,1
1773526919,TRXUSDT,buy,0.2976,1,64.28571428571314,0.297046,0.2960415,14338.0,1
1773526924,ICXUSDT,buy,0.0355,1,50.0,0.035468,0.0358175,0.0,1
1773526929,PAXUSDT,buy,0.9996,1,50.0,0.99952,0.999527,4467.9,1
1773526934,BCHSVUSDT,buy,58.9,1,71.18644067796615,55.9488,55.90615,1370.08409,1
1773526939,WAVESUSDT,buy,1.076,1,90.37037037037044,1.01426,1.047175,98527.64,1
1773526941,BTTUSDT,buy,0.002777,1,64.86486486486488,0.0027336,0.0026351599999999997,93694360.0,1
1773526947,HOTUSDT,buy,0.000413,1,66.66666666666636,0.00041114000000000005,0.0004106,799457.0,1
1773527021,XLMUSDT,buy,0.1648,1,83.33333333333256,0.16406,0.1638735,42410.0,1
1773527029,PAXUSDT,buy,0.9996,1,50.0,0.99952,0.999527,4467.9,1
1773527034,BCHSVUSDT,buy,58.9,1,71.18644067796615,55.9488,55.90615,1370.08409,1
1773527039,WAVESUSDT,buy,1.076,1,90.37037037037044,1.01426,1.047175,98527.64,1
1773527042,BTTUSDT,buy,0.002777,1,64.86486486486488,0.0027336,0.0026351599999999997,93694360.0,1
1773527048,HOTUSDT,buy,0.000413,1,66.66666666666636,0.00041114000000000005,0.0004106,840604.0,1
1773527116,LTCUSDT,buy,54.71,1,74.99999999999945,54.6528,54.64365,60.762,1
1773527118,QTUMUSDT,buy,0.881,1,55.55555555555556,0.8791,0.882745,308.3,1
1773527122,ADAUSDT,buy,0.2605,1,80.0,0.259462,0.2606335,10859.1,1
1773527125,XRPUSDT,buy,1.3963,1,78.75000000000176,1.3921219999999999,1.3919059999999999,75281.2,1
1773527133,XLMUSDT,buy,0.1649,1,84.21052631578863,0.164076,0.16388049999999998,96.0,1
1773527138,ETCUSDT,buy,8.23,1,75.00000000000055,8.213799999999999,8.249600000000001,1.09,1
1773527145,PAXUSDT,buy,0.9996,1,50.0,0.99952,0.999527,4467.9,1
1773527149,BCHSVUSDT,buy,58.9,1,71.18644067796615,55.9488,55.90615,1370.08409,1
1773527151,USDCUSDT,buy,0.9999,1,57.14285714285714,0.999842,0.999834,82185.0,1
1773527155,LINKUSDT,buy,9.1,1,71.42857142857179,9.0438,9.00535,2286.98,1
1773527159,WAVESUSDT,buy,1.076,1,90.37037037037044,1.01426,1.047175,98527.64,1
1773527162,BTTUSDT,buy,0.002777,1,64.86486486486488,0.0027336,0.0026351599999999997,93694360.0,1
1773527169,HOTUSDT,buy,0.000413,1,79.99999999999977,0.00041118000000000003,0.000410595,0.0,1
1773527237,LTCUSDT,buy,54.72,1,75.75757575757504,54.65299999999999,54.643699999999995,83.12,1
1773527239,QTUMUSDT,buy,0.881,1,55.55555555555556,0.8791,0.882745,308.3,1
1773527243,ADAUSDT,buy,0.2605,1,80.0,0.259462,0.2606335,115771.0,1
1773527251,XLMUSDT,buy,0.1649,1,84.21052631578863,0.164076,0.16388049999999998,37570.0,1
1773527256,ETCUSDT,buy,8.23,1,75.00000000000055,8.213799999999999,8.249600000000001,1.09,1
1773527258,ICXUSDT,buy,0.0355,1,50.0,0.035463999999999996,0.035811,20941.0,1
1773527266,PAXUSDT,buy,0.9996,1,50.0,0.99952,0.999527,4467.9,1
1773527270,BCHSVUSDT,buy,58.9,1,71.18644067796615,55.9488,55.90615,1370.08409,1
1773527275,LINKUSDT,buy,9.1,1,71.42857142857179,9.0438,9.00535,3152.95,1
1773527277,WAVESUSDT,buy,1.076,1,90.37037037037044,1.01426,1.047175,98527.64,1
1773527281,BTTUSDT,buy,0.002777,1,64.86486486486488,0.0027336,0.0026351599999999997,93694360.0,1
1773527353,QTUMUSDT,buy,0.881,1,55.55555555555556,0.8791,0.882745,308.3,1
1773527360,XLMUSDT,buy,0.165,1,84.9999999999993,0.16407800000000003,0.16388100000000003,45073.0,1
1773527365,TRXUSDT,buy,0.2976,1,64.28571428571314,0.297056,0.296057,287302.5,1
1773527373,PAXUSDT,buy,0.9996,1,50.0,0.99952,0.999527,4467.9,1
1773527377,BCHSVUSDT,buy,58.9,1,71.18644067796615,55.9488,55.90615,1370.08409,1
1773527381,LINKUSDT,buy,9.1,1,71.42857142857179,9.0438,9.00535,3297.18,1
1773527384,WAVESUSDT,buy,1.076,1,90.37037037037044,1.01426,1.047175,98527.64,1
1773527387,BTTUSDT,buy,0.002777,1,64.86486486486488,0.0027336,0.0026351599999999997,93694360.0,1
1773527460,QTUMUSDT,buy,0.881,1,55.55555555555556,0.8791600000000002,0.88266,0.0,1
1773527462,ADAUSDT,buy,0.2605,1,78.2608695652176,0.25949,0.26061599999999996,5358.9,1
1773527476,PAXUSDT,buy,0.9996,1,50.0,0.99952,0.999527,4467.9,1
1773527481,BCHSVUSDT,buy,58.9,1,71.18644067796615,55.9488,55.90615,1370.08409,1
1773527485,LINKUSDT,buy,9.1,1,69.23076923076923,9.0458,9.0056,7.13,1
1773527487,WAVESUSDT,buy,1.076,1,90.37037037037044,1.01426,1.047175,98527.64,1
1773527491,BTTUSDT,buy,0.002777,1,64.86486486486488,0.0027336,0.0026351599999999997,93694360.0,1
1773527561,BNBUSDT,buy,654.96,1,80.67226890756238,653.7826,653.1851,71.977,1
1773527565,NEOUSDT,buy,2.554,1,70.37037037037068,2.54854,2.561335,99.57,1
1773527570,QTUMUSDT,buy,0.881,1,55.55555555555556,0.8791600000000002,0.88266,33.3,1
1773527572,ADAUSDT,buy,0.2605,1,78.2608695652176,0.25949,0.26061599999999996,107905.5,1
1773527576,XRPUSDT,buy,1.3962,1,73.07692307692461,1.39224,1.391905,57142.7,1
1773527583,XLMUSDT,buy,0.165,1,84.21052631578863,0.16409600000000002,0.163887,20803.0,1
1773527592,PAXUSDT,buy,0.9996,1,50.0,0.99952,0.999527,4467.9,1
1773527597,BCHSVUSDT,buy,58.9,1,71.18644067796615,55.9488,55.90615,1370.08409,1
1773527601,LINKUSDT,buy,9.1,1,69.23076923076923,9.0458,9.0056,2510.39,1
1773527604,WAVESUSDT,buy,1.076,1,90.37037037037044,1.01426,1.047175,98527.64,1
1773527607,BTTUSDT,buy,0.002777,1,64.86486486486488,0.0027336,0.0026351599999999997,93694360.0,1
1773527677,BNBUSDT,buy,654.98,1,80.83333333333255,653.783,653.1852,97.609,1
1773527681,NEOUSDT,buy,2.554,1,70.37037037037068,2.54854,2.561335,99.57,1
1773527685,QTUMUSDT,buy,0.881,1,55.55555555555556,0.8791600000000002,0.88266,33.3,1
1773527690,XRPUSDT,buy,1.3963,1,73.41772151898883,1.392242,1.3919055,109418.3,1
1773527696,XLMUSDT,buy,0.165,1,84.21052631578863,0.16409600000000002,0.163887,21835.0,1
1773527705,PAXUSDT,buy,0.9996,1,50.0,0.99952,0.999527,4467.9,1
1773527710,BCHSVUSDT,buy,58.9,1,71.18644067796615,55.9488,55.90615,1370.08409,1
1773527714,LINKUSDT,buy,9.1,1,69.23076923076923,9.0476,9.0058,0.0,1
1773527716,WAVESUSDT,buy,1.076,1,90.37037037037044,1.01426,1.047175,98527.64,1
1773527720,BTTUSDT,buy,0.002777,1,64.86486486486488,0.0027336,0.0026351599999999997,93694360.0,1
1773527790,BNBUSDT,buy,654.98,1,84.34782608695639,653.8322000000001,653.182,4.172,1
1773527794,NEOUSDT,buy,2.554,1,70.37037037037068,2.5486400000000002,2.56106,0.0,1
1773527798,QTUMUSDT,buy,0.881,1,50.0,0.87922,0.8825750000000001,0.0,1
1773527803,XRPUSDT,buy,1.3969,1,78.04878048780607,1.392374,1.3919139999999999,214121.2,1
1773527810,TRXUSDT,buy,0.2976,1,62.5,0.297074,0.296087,118879.2,1
1773527817,PAXUSDT,buy,0.9996,1,50.0,0.99952,0.999527,4467.9,1
1773527821,BCHSVUSDT,buy,58.9,1,71.18644067796615,55.9488,55.90615,1370.08409,1
1773527823,USDCUSDT,buy,0.9999,1,50.0,0.999844,0.9998345000000001,89136.0,1
1773527827,LINKUSDT,buy,9.1,1,69.23076923076923,9.0476,9.0058,1229.2,1
1773527831,WAVESUSDT,buy,1.076,1,90.37037037037044,1.01426,1.047175,98527.64,1
1773527834,BTTUSDT,buy,0.002777,1,64.86486486486488,0.0027336,0.0026351599999999997,93694360.0,1
1773527903,ETHUSDT,buy,2087.53,1,69.85365853658352,2081.326,2076.73985,77.7705,1
1773527905,BNBUSDT,buy,655.34,1,86.46616541353374,653.8394000000001,653.1838,122.758,1
1773527911,NEOUSDT,buy,2.554,1,70.37037037037068,2.5486400000000002,2.56106,0.0,1
1773527915,QTUMUSDT,buy,0.881,1,50.0,0.87922,0.8825750000000001,0.0,1
1773527917,ADAUSDT,buy,0.2607,1,80.76923076923069,0.259512,0.2605995,92529.0,1
1773527921,XRPUSDT,buy,1.3973,1,79.06976744186154,1.392382,1.391916,320679.8,1
1773527929,XLMUSDT,buy,0.165,1,83.33333333333256,0.16411199999999998,0.16389399999999998,5104.0,1
1773527933,TRXUSDT,buy,0.2976,1,62.5,0.297074,0.296087,132015.0,1
1773527940,PAXUSDT,buy,0.9996,1,50.0,0.99952,0.999527,4467.9,1
1773527944,BCHSVUSDT,buy,58.9,1,71.18644067796615,55.9488,55.90615,1370.08409,1
1773527946,USDCUSDT,buy,0.9999,1,50.0,0.999844,0.9998345000000001,182399.0,1
1773527952,WAVESUSDT,buy,1.076,1,90.37037037037044,1.01426,1.047175,98527.64,1
1773527954,BTTUSDT,buy,0.002777,1,64.86486486486488,0.0027336,0.0026351599999999997,93694360.0,1
1773527961,HOTUSDT,buy,0.000413,1,71.4285714285712,0.00041119999999999997,0.000410575,1164743.0,1
1773535298,BNBUSDT,buy,656.62,1,33.766233766233384,655.415,653.5971,66.707,1
1773535331,PAXUSDT,buy,0.9996,1,50.0,0.99952,0.999527,4467.9,1
1773535337,BCHSVUSDT,buy,58.9,1,71.18644067796615,55.9488,55.90615,1370.08409,1
1773535349,WAVESUSDT,buy,1.076,1,90.37037037037044,1.01426,1.047175,98527.64,1
1773626655,BNBUSDT,sell,676.38,1,0,0,0,0,0.030093509183393728
1773626682,ETCUSDT,buy,8.53,1,59.090909090908944,8.4602,8.362,425.46,1
