symbol,rsi,volume,trend,momentum,result,pnl,timestamp,hour,day_of_week,signal_confidence,market_regime,strategy_name,risk_mode,atr,volatility_context,market_session,is_holiday_us,holiday_name_us,mfe_pct,mae_pct,dataset_version
XLMUSDT,34.21052631578961,4.750325907046643,0,-0.0005739999999999,0.0,-1.082381,,,,,,,,,,,,,,,v1
ALGOUSDT,28.571428571428427,2.2952636019722528,0,-0.000722,0.0,-0.552995,,,,,,,,,,,,,,,v1
DGBUSDT,21.052631578947427,2.0902887239053296,0,-1.6799999999999975e-05,0.0,0.0,,,,,,,,,,,,,,,v1
CRVUSDT,32.85714285714265,4.2283664645030505,0,-0.00178,0.0,-0.458576,,,,,,,,,,,,,,,v1
ICXUSDT,33.333333333332945,1.108651641407895,0,-0.000876,0.0,-0.955616,,,,,,,,,,,,,,,v1
ONGUSDT,31.93916349809878,3.18174617207343,0,-0.0020289999999999,1.0,0.65014,,,,,,,,,,,,,,,v1
ONTUSDT,39.31795386158473,0.2411563513135196,1,2.4200000000002e-05,0.0,-3.705897,,,,,,,,,,,,,,,v1
ALGOUSDT,40.000000000000135,11.759788730080656,0,-0.0005479999999999,0.0,-0.642949,,,,,,,,,,,,,,,v1
FFUSDT,37.5,1.88691728790518,1,0.0002802,0.0,-0.78806,,,,,,,,,,,,,,,v1
VETUSDT,38.2352941176468,5.01021617935201,0,-2.791999999999985e-05,1.0,0.524284,,,,,,,,,,,,,,,v1
FFUSDT,23.391812865497517,1.2909839350324823,0,-6.919999999999149e-05,1.0,2.318511,,,,,,,,,,,,,,,v1
ESPUSDT,38.46153846153828,1.7185255522654086,0,-0.0015252,0.0,-0.688518,,,,,,,,,,,,,,,v1
WUSDT,33.33333333333333,2.4002748367751465,0,-1.9999999999999185e-05,0.0,0.0,,,,,,,,,,,,,,,v1
OPENUSDT,28.125000000000085,3.467944187417496,0,-0.0049479999999999,0.0,-1.345337,,,,,,,,,,,,,,,v1
USDTTRY,28.57142857143002,0.1817785992802442,1,0.0090000000000003,1.0,0.051767,,,,,,,,,,,,,,,v1
ROBOUSDT,39.62264150943372,4.350910353230307,0,-0.0001962,1.0,1.035,,,,,,,,,,,,,,,v1
FUNUSDT,30.86419753086412,1.364187562988308,0,-1.1040000000000138e-05,1.0,1.065772,,,,,,,,,,,,,,,v1
RIFUSDT,25.531914893617028,4.526765564042544,0,-0.001034,1.0,1.221938,,,,,,,,,,,,,,,v1
ALGOUSDT,8.333333333333528,2.2467620813032414,0,-0.000826,0.0,-0.433059,,,,,,,,,,,,,,,v1
PHAUSDT,26.666666666666917,2.20910155509044,0,-0.0006919999999999,0.0,-0.999995,,,,,,,,,,,,,,,v1
ZAMAUSDT,12.195121951219846,2.3187290248181944,0,-0.0003355999999999,1.0,5.639913,,,,,,,,,,,,,,,v1
ENJUSDT,33.33333333333317,0.2868463321302423,1,8.599999999997499e-06,0.0,-0.229775,,,,,,,,,,,,,,,v1
FETUSDT,37.01657458563532,0.0970424530522298,1,0.0039899999999999,0.0,-1.832311,,,,,,,,,,,,,,,v1
ADAUSDT,67.85714285714272,3.373564716539588,1,0.00428,0.0,-0.460915,,,,,,,,,,,,,,,v1
FETUSDT,28.57142857142857,0.067743835371117,0,-0.000278,1.0,1.652093,,,,,,,,,,,,,,,v1
PYTHUSDT,39.99999999999999,6.562128731829381,0,-8.600000000000274e-05,1.0,1.070312,,,,,,,,,,,,,,,v1
LUNCUSDT,26.530612244898208,0.0,1,5.9600000000001937e-08,1.0,0.030362,,,,,,,,,,,,,,,v1
GUSDT,37.49999999999972,1.9737638932630148,0,-2.699999999999968e-05,1.0,0.358798,,,,,,,,,,,,,,,v1
ONTUSDT,36.52392947103268,0.1373497286740877,1,0.0001635999999999,0.0,-1.677634,,,,,,,,,,,,,,,v1
SUNUSDT,11.764705882352928,3.1429970703449737,0,-0.0005807999999999,0.0,-0.886374,,,,,,,,,,,,,,,v1
AUSDT,26.086956521739157,1.2543143771393308,1,8.000000000008e-06,1.0,0.54865,,,,,,,,,,,,,,,v1
SUNUSDT,16.66666666666673,1.7118815618465453,0,-0.0006615999999999,1.0,4.472234,,,,,,,,,,,,,,,v1
ANKRUSDT,25.000000000000185,3.563164793678252,0,-4.959999999999947e-05,0.0,-0.255414,,,,,,,,,,,,,,,v1
DENTUSDT,14.285714285714292,0.1461818515960405,0,-1.8200000000000065e-06,1.0,2.605472,,,,,,,,,,,,,,,v1
BONKUSDT,37.5,0.0,1,3.3399999999999545e-08,0.0,-0.409229,,,,,,,,,,,,,,,v1
CETUSUSDT,4.166666666666956,4.103666439093071,0,-0.00042,0.0,-0.928626,,,,,,,,,,,,,,,v1
SAHARAUSDT,29.12621359223293,1.463190095960908,0,-0.0004766,1.0,0.750245,,,,,,,,,,,,,,,v1
IOTAUSDT,27.272727272727337,1.1268241464490965,0,-0.000242,0.0,-0.215609,,,,,,,,,,,,,,,v1
WIFUSDT,25.0,2.446746461513985,0,-0.0011199999999999,0.0,0.0,,,,,,,,,,,,,,,v1
EURUSDT,23.07692307692571,0.0221843344231785,0,-0.001012,0.0,-0.030878,,,,,,,,,,,,,,,v1
XRPUSDT,36.06557377049099,0.4221593895743005,0,-0.0008559999999999,0.0,-0.239296,,,,,,,,,,,,,,,v1
GALAUSDT,37.50000000000021,2.16132391095113,1,1.999999999996796e-07,0.0,-1.879003,,,,,,,,,,,,,,,v1
APTUSDT,22.857142857142776,0.7476535519533227,0,-0.02922,0.0,-0.320155,,,,,,,,,,,,,,,v1
SANDUSDT,27.272727272727607,1.4851339108389825,0,-0.0004279999999999,0.0,0.0,,,,,,,,,,,,,,,v1
LUNCUSDT,33.92857142857152,3.348967934896672,0,-1.4420000000000448e-07,1.0,0.225692,,,,,,,,,,,,,,,v1
IOTAUSDT,33.333333333332945,0.5280395804917999,0,-0.0003799999999999,1.0,1.233263,,,,,,,,,,,,,,,v1
VETUSDT,26.984126984126945,0.2524601984001121,0,-3.077999999999935e-05,1.0,0.209264,,,,,,,,,,,,,,,v1
GALAUSDT,39.99999999999999,2.282264724303573,0,-1.7800000000000107e-05,0.0,-0.395972,,,,,,,,,,,,,,,v1
KITEUSDT,30.370370370370352,2.044100573065382,0,-0.01007,0.0,-0.054399,,,,,,,,,,,,,,,v1
DENTUSDT,37.500000000000014,0.7272084349753972,0,-5.940000000000014e-06,1.0,5.934997,,,,,,,,,,,,,,,v1
SUNUSDT,36.84210526315788,4.733794233990236,1,1.7200000000001936e-05,0.0,-0.787579,,,,,,,,,,,,,,,v1
ALGOUSDT,30.76923076923069,0.0,0,-0.000814,1.0,0.734231,,,,,,,,,,,,,,,v1
GALAUSDT,39.99999999999999,1.3679639008699,0,-3.320000000000059e-05,0.0,0.0,,,,,,,,,,,,,,,v1
SIGNUSDT,19.50464396284835,2.73745997190514,0,-0.0041853999999999,0.0,-0.897298,,,,,,,,,,,,,,,v1
WLDUSDT,23.684210526315937,0.0138629830518768,0,-0.002256,0.0,-0.187882,,,,,,,,,,,,,,,v1
JTOUSDT,27.272727272727337,0.1237691626037347,1,0.012284,0.0,-1.192528,,,,,,,,,,,,,,,v1
ASTERUSDT,38.46153846153846,2.6737765767075743,1,0.00106,0.0,-0.535355,,,,,,,,,,,,,,,v1
KITEUSDT,26.66666666666633,2.9078531437457062,0,-0.0083199999999999,0.0,-1.285135,,,,,,,,,,,,,,,v1
ROBOUSDT,29.37853107344644,2.5980807502730587,0,-8.69999999999968e-05,1.0,2.065123,,,,,,,,,,,,,,,v1
SUNUSDT,32.72727272727275,2.784734121729449,0,-0.0002911999999999,1.0,0.897942,,,,,,,,,,,,,,,v1
CHZUSDT,28.94736842105172,0.002990827142004,0,-7.399999999999768e-05,1.0,0.077494,,,,,,,,,,,,,,,v1
DUSKUSDT,28.5714285714288,3.373570055161657,0,-0.0035339999999999,0.0,-1.018117,,,,,,,,,,,,,,,v1
SENTUSDT,33.80281690140842,0.0580898624010362,1,5.299999999999749e-05,0.0,-2.593891,,,,,,,,,,,,,,,v1
ONGUSDT,23.790322580645054,1.3275492784849785,0,-0.0013921999999999,1.0,0.238078,,,,,,,,,,,,,,,v1
ALGOUSDT,36.36363636363682,1.1302238309043735,0,-0.0001399999999999,0.0,-0.138244,,,,,,,,,,,,,,,v1
LINEAUSDT,37.5,1.8117032660284125,1,1.7199999999999768e-05,0.0,-0.88523,,,,,,,,,,,,,,,v1
ONTUSDT,30.60278207109752,0.0531094359953454,0,-0.0018297999999999,0.0,-0.503583,,,,,,,,,,,,,,,v1
DENTUSDT,37.1428571428572,0.5885911027288931,1,1.5079999999999998e-05,0.0,-2.666173,,,,,,,,,,,,,,,v1
LINEAUSDT,12.5,2.6791260726340003,0,-6.199999999999609e-06,0.0,-0.377115,,,,,,,,,,,,,,,v1
VETUSDT,57.31707317073202,3.146836065931697,1,1.0640000000000129e-05,0.0,-0.17802,,,,,,,,,,,,,,,v1
SKYUSDT,30.18867924528338,2.1989860903258904,1,0.0008708,0.0,-0.532828,,,,,,,,,,,,,,,v1
FUNUSDT,33.33333333333333,4.680197352819566,0,-1.7260000000000062e-05,1.0,0.254228,,,,,,,,,,,,,,,v1
BIOUSDT,39.99999999999999,1.9939259769441184,0,-6.799999999999862e-05,0.0,-0.763517,,,,,,,,,,,,,,,v1
CHZUSDT,32.00000000000061,0.03796741883364,0,-0.0001802,1.0,0.342212,,,,,,,,,,,,,,,v1
NEWTUSDT,19.047619047619023,2.943869683811192,0,-0.0020279999999999,1.0,3.457388,,,,,,,,,,,,,,,v1
XLMUSDT,21.42857142857156,0.0498079864435934,0,-0.001706,0.0,-0.192541,,,,,,,,,,,,,,,v1
SHIBUSDT,30.769230769230774,1.6974909538517515,0,-4.1199999999999714e-08,1.0,0.443903,,,,,,,,,,,,,,,v1
BONKUSDT,18.181818181818045,1.0731722806075616,0,-3.2199999999999455e-08,0.0,-0.350584,,,,,,,,,,,,,,,v1
ROBOUSDT,38.00904977375568,2.463322384630167,0,-7.619999999999849e-05,0.0,-0.6273,,,,,,,,,,,,,,,v1
JSTUSDT,20.3125000000002,1.791659167346208,0,-0.0009803999999999,0.0,-0.713188,,,,,,,,,,,,,,,v1
ONTUSDT,33.79721669980111,0.1812185537600804,0,-0.0013115999999999,0.0,-1.35142,,,,,,,,,,,,,,,v1
AIXBTUSDT,33.33333333333333,0.0,1,0.000202,0.0,-0.452641,,,,,,,,,,,,,,,v1
ANIMEUSDT,38.46153846153826,2.442795374182306,1,2.000000000000005e-05,0.0,0.0,,,,,,,,,,,,,,,v1
COSUSDT,33.082706766917255,2.2547467899141145,1,9.160000000000027e-06,0.0,-2.064447,,,,,,,,,,,,,,,v1
JSTUSDT,17.548076923076948,6.2862265156428565,0,-0.0032888,1.0,5.511815,,,,,,,,,,,,,,,v1
PIXELUSDT,38.88888888888895,4.711583553616327,0,-4.819999999999998e-05,0.0,-0.723424,,,,,,,,,,,,,,,v1
XRPUSDT,28.928571428571388,0.6863097953141672,0,-0.0034779999999998,0.0,-0.114773,,,,,,,,,,,,,,,v1
CFGUSDT,30.851063829787208,1.2830987716483355,1,3.0000000000002247e-05,0.0,-1.514011,,,,,,,,,,,,,,,v1
RSRUSDT,37.68115942028988,0.332753598171794,1,6.339999999999861e-06,1.0,0.599646,,,,,,,,,,,,,,,v1
SEIUSDT,33.33333333333333,0.01394998432956,0,-0.0003939999999999,0.0,-0.620621,,,,,,,,,,,,,,,v1
FETUSDT,33.33333333333333,1.5958007322172305,0,-0.0020119999999999,1.0,0.638126,,,,,,,,,,,,,,,v1
ENAUSDT,38.88888888888879,1.6645673423674106,1,0.0012539999999999,0.0,0.0,,,,,,,,,,,,,,,v1
NEIROUSDT,34.43708609271525,1.3357602062717435,1,8.14000000000023e-08,0.0,-1.177264,,,,,,,,,,,,,,,v1
SEIUSDT,36.36363636363665,1.3645367450112216,0,-0.0004239999999999,0.0,-0.197319,,,,,,,,,,,,,,,v1
ADAUSDT,39.58333333333337,1.4718143718819363,0,-0.001286,0.0,-0.622851,,,,,,,,,,,,,,,v1
BANANAS31USDT,38.73239436619727,1.9221009839032928,0,-0.0001341599999999,1.0,0.114384,,,,,,,,,,,,,,,v1
ADAUSDT,25.00000000000001,0.218081236596046,0,-0.002982,1.0,0.650094,,,,,,,,,,,,,,,v1
XRPUSDT,21.21212121212108,0.1524908672491389,0,-0.0141379999999999,1.0,0.658708,,,,,,,,,,,,,,,v1
DOGEUSDT,7.511737089201588,5.350404800112246,0,-0.0014678,1.0,0.798634,,,,,,,,,,,,,,,v1
PIXELUSDT,36.84210526315804,3.4022290476033934,0,-5.3199999999999775e-05,1.0,0.400983,,,,,,,,,,,,,,,v1
SKYUSDT,32.792207792208,2.6327227694417115,0,-0.0019871999999999,0.0,-0.03249,,,,,,,,,,,,,,,v1
COSUSDT,35.03649635036496,3.830550048933251,1,5.597999999999996e-05,0.0,-3.64528,,,,,,,,,,,,,,,v1
PARTIUSDT,1.96078431372554,5.506592957614306,0,-0.004466,1.0,0.144823,,,,,,,,,,,,,,,v1
RSRUSDT,35.9375,0.2275789073256934,1,1.5199999999998637e-06,1.0,3.60903,,,,,,,,,,,,,,,v1
FUNUSDT,27.99999999999983,2.926856375492588,0,-8.119999999999915e-06,0.0,-1.27805,,,,,,,,,,,,,,,v1
FUNUSDT,24.6153846153844,0.6964291696266176,0,-2.2799999999999904e-05,0.0,-1.203086,,,,,,,,,,,,,,,v1
EIGENUSDT,33.33333333333333,3.10471168723774,0,-0.0014399999999999,0.0,-0.600076,,,,,,,,,,,,,,,v1
ZKUSDT,25.92592592592574,0.2260111190092349,0,-1.6200000000000936e-05,1.0,0.814724,,,,,,,,,,,,,,,v1
ANKRUSDT,25.0,0.5203603371142138,1,1.0000000000001327e-06,0.0,-0.242899,,,,,,,,,,,,,,,v1
FUNUSDT,16.666666666666373,0.316618887522667,0,-4.297999999999997e-05,0.0,-0.441131,,,,,,,,,,,,,,,v1
WIFUSDT,39.99999999999999,2.064403405580413,0,-0.0014399999999999,0.0,-1.2541,,,,,,,,,,,,,,,v1
PARTIUSDT,29.629629629629303,1.298497418432563,0,-0.00256,0.0,-1.866494,,,,,,,,,,,,,,,v1
DENTUSDT,38.46153846153846,1.570106618617552,0,-3.4000000000000284e-06,0.0,-0.859751,,,,,,,,,,,,,,,v1
CHZUSDT,25.714285714284472,2.67482559539754,0,-0.000115,0.0,-0.31166,,,,,,,,,,,,,,,v1
PIXELUSDT,0.0,2.2003053653088047,0,-0.0003082,1.0,0.272769,,,,,,,,,,,,,,,v1
ZKCUSDT,18.699186991869908,2.613018213989173,1,0.000854,0.0,-1.167264,,,,,,,,,,,,,,,v1
CHZUSDT,26.086956521738728,1.3178489260641868,0,-0.0002679999999999,1.0,0.346848,,,,,,,,,,,,,,,v1
PUMPUSDT,34.78260869565216,3.4316847557792376,1,7.119999999999783e-06,0.0,-0.717234,,,,,,,,,,,,,,,v1
CVCUSDT,22.727272727272123,1.318731493027958,0,-0.0004142,1.0,0.26544,,,,,,,,,,,,,,,v1
SUNUSDT,37.87878787878787,3.218965515926451,1,7.199999999999915e-05,0.0,-0.861698,,,,,,,,,,,,,,,v1
ALGOUSDT,36.36363636363636,0.0025032601335326,0,-0.0005239999999999,1.0,0.174194,,,,,,,,,,,,,,,v1
SIGNUSDT,36.11111111111099,2.480166604907992,0,-0.0005313999999999,0.0,-0.920543,,,,,,,,,,,,,,,v1
JSTUSDT,21.428571428571345,2.6138954809405366,0,-0.0010032,0.0,-0.535655,,,,,,,,,,,,,,,v1
WIFUSDT,39.99999999999999,1.579527915256599,0,-0.00104,0.0,-1.340314,,,,,,,,,,,,,,,v1
PIXELUSDT,26.086956521738895,1.5398821322323168,0,-0.0001462,1.0,0.253152,,,,,,,,,,,,,,,v1
PROVEUSDT,32.828870779976754,1.443966543107514,1,0.054946,0.0,-2.730654,,,,,,,,,,,,,,,v1
SIGNUSDT,23.776223776223876,1.484912683908102,0,-0.0007439999999999,0.0,-0.57851,,,,,,,,,,,,,,,v1
SHIBUSDT,36.36363636363608,1.9255155295304496,0,-3.199999999999393e-09,0.0,-0.192837,,,,,,,,,,,,,,,v1
SUNUSDT,6.060606060605863,1.168694130352261,0,-0.0003879999999999,0.0,-0.268371,,,,,,,,,,,,,,,v1
TRXUSDT,19.999999999999687,0.4402225783231023,0,-0.001236,0.0,-1.277827,,,,,,,,,,,,,,,v1
USDTBRL,35.41666666667399,1.7605504293290652,0,-0.0006700000000003,1.0,0.068713,,,,,,,,,,,,,,,v1
DOGEUSDT,35.02304147465438,2.674794898422864,0,-0.0006515999999999,0.0,-0.458793,,,,,,,,,,,,,,,v1
COSUSDT,29.591836734693885,1.2931386971592096,0,-4.706000000000003e-05,0.0,-2.090926,,,,,,,,,,,,,,,v1
SEIUSDT,31.250000000000117,1.865687790873982,0,-0.0004139999999999,0.0,-0.409736,,,,,,,,,,,,,,,v1
KATUSDT,23.67601246105916,1.0551990824016648,1,7.059999999999879e-05,1.0,5.65108,,,,,,,,,,,,,,,v1
STOUSDT,27.586206896551783,1.0424364864134648,0,-0.0008579999999999,0.0,-0.803878,,,,,,,,,,,,,,,v1
POLUSDT,9.999999999999176,2.1778922213053247,0,-0.0012219999999999,1.0,0.270384,,,,,,,,,,,,,,,v1
DOGEUSDT,35.36585365853685,1.5449022714215128,0,-0.0005779999999999,0.0,-0.279742,,,,,,,,,,,,,,,v1
FLOWUSDT,23.076923076923563,1.7616979395541268,0,-0.0004269999999999,1.0,2.208564,,,,,,,,,,,,,,,v1
XLMUSDT,37.93103448275845,2.817103596672013,0,-0.000982,1.0,2.094684,,,,,,,,,,,,,,,v1
USDCUSDT,33.33333333333333,0.0729360289474091,1,1.2000000000123023e-05,0.0,-0.012034,,,,,,,,,,,,,,,v1
BANANAS31USDT,38.80171184022828,1.3755615467746618,0,-0.0003831999999999,0.0,-0.851408,,,,,,,,,,,,,,,v1
HUMAUSDT,5.660377358490649,3.11932507866987,0,-0.0012897999999999,1.0,4.917308,,,,,,,,,,,,,,,v1
VETUSDT,64.327485380117,1.6087236791479165,1,6.43400000000004e-05,0.0,-0.331868,,,,,,,,,,,,,,,v1
USDTBRL,32.51366120218607,0.4476955757143105,0,-0.0130319999999999,1.0,0.140525,,,,,,,,,,,,,,,v1
GUNUSDT,28.787878787878785,1.9521798088930904,0,-0.0002629999999999,0.0,-1.069544,,,,,,,,,,,,,,,v1
ROBOUSDT,40.4255319148936,1.781200267372177,1,0.0006749999999999,0.0,-3.19329,,,,,,,,,,,,,,,v1
SXPUSDT,37.50000000000004,2.3170185879277705,0,-0.0001419999999999,0.0,0.0,,,,,,,,,,,,,,,v1
HBARUSDT,33.132530120482,2.6490448825424338,1,0.0001454,0.0,-0.671559,,,,,,,,,,,,,,,v1
ARBUSDT,36.363636363636246,1.7953143183691795,0,-1.1999999999998123e-05,0.0,-0.398977,,,,,,,,,,,,,,,v1
VETUSDT,23.70370370370369,1.5414704099196912,0,-6.380000000001142e-06,0.0,-0.403605,,,,,,,,,,,,,,,v1
PEPEUSDT,16.666666666667012,1.9333907174435327,0,-1.8199999999999677e-08,0.0,-0.370849,,,,,,,,,,,,,,,v1
VETUSDT,35.211267605633466,1.7278370307644115,0,-2.744000000000097e-05,0.0,-0.358627,,,,,,,,,,,,,,,v1
SXPUSDT,37.49999999999995,1.7042185908689798,0,-0.000308,1.0,6.456238,,,,,,,,,,,,,,,v1
ZKUSDT,17.857142857143202,2.986344264186733,0,-0.0001415999999999,1.0,0.123655,,,,,,,,,,,,,,,v1
XPLUSDT,24.99999999999966,4.433006777956892,0,-0.00146,1.0,0.270647,,,,,,,,,,,,,,,v1
PNUTUSDT,33.333333333333584,1.50782678971616,0,-0.000376,1.0,0.29897,,,,,,,,,,,,,,,v1
BIOUSDT,33.33333333333333,3.863971417950863,0,-0.00016,0.0,-1.005982,,,,,,,,,,,,,,,v1
AIXBTUSDT,37.5,2.5659597702746506,0,-0.000316,1.0,0.575809,,,,,,,,,,,,,,,v1
NIGHTUSDT,29.82456140350885,1.0199342927831974,1,3.140000000000781e-05,0.0,-2.701773,,,,,,,,,,,,,,,v1
ENJUSDT,39.59390862944161,0.593017870002906,1,0.0001927999999999,1.0,0.307037,,,,,,,,,,,,,,,v1
WLFIUSDT,33.333333333332945,1.1054926333177435,1,0.000196,0.0,-0.808081,,,,,,,,,,,,,,,v1
ENJUSDT,36.70886075949354,0.0343594624157117,1,4.260000000000028e-05,0.0,-0.143177,,,,,,,,,,,,,,,v1
ANKRUSDT,88.88888888888887,6.9568348700291365,1,0.0003858,0.0,-3.25,,,,,,,,,,,,,,,v1
LUNCUSDT,28.888888888888715,0.0,0,-3.087999999999995e-07,0.0,-0.188483,,,,,,,,,,,,,,,v1
STRKUSDT,19.99999999999972,2.878933771944969,0,-0.0001699999999999,1.0,0.346364,,,,,,,,,,,,,,,v1
MEMEUSDT,41.66666666666667,11.664782497238852,0,-8.599999999999884e-07,0.0,-0.865631,,,,,,,,,,,,,,,v1
ZKUSDT,28.947368421053525,1.928868953936276,0,-9.879999999999958e-05,0.0,-0.495858,,,,,,,,,,,,,,,v1
CFGUSDT,38.58267716535426,1.2415250409070204,0,-0.0001099999999999,0.0,-2.100714,,,,,,,,,,,,,,,v1
BIOUSDT,39.99999999999972,1.0559807023812622,1,3.199999999999731e-05,0.0,-1.393793,,,,,,,,,,,,,,,v1
BANANAS31USDT,22.30215827338141,1.8902965673192504,0,-0.0003468,1.0,0.708461,,,,,,,,,,,,,,,v1
POLUSDT,37.50000000000033,3.983082237827631,1,0.000238,1.0,0.507806,,,,,,,,,,,,,,,v1
GALAUSDT,37.50000000000021,0.0,0,-8.800000000000214e-06,0.0,-0.417345,,,,,,,,,,,,,,,v1
RESOLVUSDT,26.92307692307692,1.7826774370760832,1,0.000116,1.0,0.302862,,,,,,,,,,,,,,,v1
SHIBUSDT,33.333333333333655,1.61100576908893,0,-3.340000000000039e-08,0.0,0.0,,,,,,,,,,,,,,,v1
MANTRAUSDT,39.21568627450985,1.2182575416675008,0,-0.000185,1.0,5.332925,,,,,,,,,,,,,,,v1
ENJUSDT,30.985915492957854,0.0576448685688408,0,-0.000348,0.0,-0.068229,,,,,,,,,,,,,,,v1
ANKRUSDT,36.11111111111124,1.2512813849119178,1,9.000000000000327e-06,0.0,-0.737718,,,,,,,,,,,,,,,v1
NEIROUSDT,26.98412698412703,3.37635618768792,0,-6.671999999999993e-07,0.0,-0.437699,,,,,,,,,,,,,,,v1
ARBUSDT,30.76923076923069,0.0243338796815844,0,-0.000672,0.0,-0.160698,,,,,,,,,,,,,,,v1
AIXBTUSDT,24.999999999999787,4.35088723775845,0,-0.0003979999999999,0.0,-0.610964,,,,,,,,,,,,,,,v1
RSRUSDT,20.33898305084757,0.7347512318637854,0,-4.377999999999999e-05,0.0,-0.930966,,,,,,,,,,,,,,,v1
CETUSUSDT,31.78294573643417,2.3500800950125966,0,-0.0002955999999999,0.0,-0.410222,,,,,,,,,,,,,,,v1
RIFUSDT,11.111111111111072,0.0886627586444776,0,-0.001286,1.0,0.856776,,,,,,,,,,,,,,,v1
HBARUSDT,10.294117647058926,1.412045902970131,0,-0.0003184,1.0,0.0268,,,,,,,,,,,,,,,v1
NILUSDT,54.545454545454376,3.580879603747019,1,0.0004299999999999,0.0,-0.845844,,,,,,,,,,,,,,,v1
CETUSUSDT,39.71291866028706,1.95079417487518,0,-0.0004034,1.0,1.935366,,,,,,,,,,,,,,,v1
CFGUSDT,31.73076923076933,2.8142719100861284,0,-0.0033979999999999,0.0,-2.009433,,,,,,,,,,,,,,,v1
STGUSDT,42.85714285714285,1.8353344059351688,0,-0.0010519999999999,1.0,0.489735,,,,,,,,,,,,,,,v1
ROBOUSDT,30.7692307692308,1.711673119049813,0,-0.0001429999999999,0.0,-2.034163,,,,,,,,,,,,,,,v1
REZUSDT,20.00000000000017,1.243825568757544,0,-4.8799999999999885e-05,1.0,0.763625,,,,,,,,,,,,,,,v1
ADAUSDT,29.090909090908823,2.735103519438125,0,-0.003808,0.0,-1.92926,,,,,,,,,,,,,,,v1
TRXUSDT,36.17021276595747,3.2125660930656004,0,-0.0028199999999999,0.0,-0.896861,,,,,,,,,,,,,,,v1
AIXBTUSDT,39.99999999999999,9.81359116446506,1,0.000146,1.0,1.300813,,,,,,,,,,,,,,,v1
TRXUSDT,28.813559322034138,1.8284092169757469,0,-0.0035639999999999,1.0,0.323803,,,,,,,,,,,,,,,v1
CHZUSDT,14.86486486486477,7.35750827354373,0,-0.0011415999999999,1.0,0.193716,,,,,,,,,,,,,,,v1
FOGOUSDT,23.28767123287677,1.9602017411504744,0,-0.000521,1.0,0.965304,,,,,,,,,,,,,,,v1
COSUSDT,31.707317073170582,0.5129132620429836,0,-5.038000000000004e-05,1.0,7.050777,,,,,,,,,,,,,,,v1
MBLUSDT,42.85714285714264,2.336689791802386,0,-9.940000000000056e-06,0.0,-0.614902,,,,,,,,,,,,,,,v1
FLOWUSDT,26.6666666666666,1.772121342549185,0,-0.0007612,0.0,-0.236141,,,,,,,,,,,,,,,v1
SHIBUSDT,38.88888888888899,2.1099726332007123,0,-3.1399999999999394e-08,1.0,0.904808,,,,,,,,,,,,,,,v1
CHZUSDT,26.966292134831647,2.0770390531069243,0,-0.0003507999999999,0.0,-0.432418,,,,,,,,,,,,,,,v1
HBARUSDT,34.93449781659406,3.860616041318197,0,-0.0005389999999999,1.0,1.161709,,,,,,,,,,,,,,,v1
SUNUSDT,29.62962962962925,2.792873200480075,0,-9.479999999999904e-05,0.0,-0.246159,,,,,,,,,,,,,,,v1
FLOWUSDT,25.67567567567589,2.5565287587258214,0,-0.0006611999999999,0.0,-1.231766,,,,,,,,,,,,,,,v1
PIXELUSDT,36.29629629629626,0.1843349779012274,0,-0.0002018,1.0,1.877167,,,,,,,,,,,,,,,v1
COSUSDT,39.83739837398372,2.035504420986656,0,-1.1700000000000122e-05,1.0,0.55032,,,,,,,,,,,,,,,v1
HUMAUSDT,26.31578947368395,1.432690507182235,0,-0.0004513999999999,1.0,0.180994,,,,,,,,,,,,,,,v1
STRKUSDT,36.36363636363659,1.808845130148284,0,-0.000118,0.0,-0.505285,,,,,,,,,,,,,,,v1
JASMYUSDT,17.647058823529306,1.277687223573673,0,-8.5e-05,1.0,2.189041,,,,,,,,,,,,,,,v1
NEIROUSDT,33.08270676691724,2.076605438712647,0,-1.7360000000000118e-07,0.0,-0.37877,,,,,,,,,,,,,,,v1
WUSDT,39.99999999999999,1.517714973016653,0,-7.799999999999994e-05,0.0,-0.929358,,,,,,,,,,,,,,,v1
SIGNUSDT,40.6976744186047,1.8159599464462528,1,9.560000000000124e-05,0.0,-0.827795,,,,,,,,,,,,,,,v1
LINEAUSDT,37.5,1.5159990998160455,0,-1.9200000000000036e-05,0.0,-0.945003,,,,,,,,,,,,,,,v1
FOGOUSDT,11.999999999999956,11.776400697838264,0,-0.0006254,0.0,-0.236029,,,,,,,,,,,,,,,v1
STGUSDT,23.474178403755843,2.5612223961490748,0,-0.013226,0.0,-2.554326,,,,,,,,,,,,,,,v1
RSRUSDT,42.49999999999971,2.798291704596933,0,-9.120000000000263e-06,0.0,-0.79738,,,,,,,,,,,,,,,v1
SEIUSDT,37.49999999999984,2.70321115634191,0,-0.000728,0.0,0.0,,,,,,,,,,,,,,,v1
FLOKIUSDT,36.00000000000019,2.8813491075979103,0,-2.1119999999999893e-07,1.0,1.129423,,,,,,,,,,,,,,,v1
ANKRUSDT,37.14285714285713,0.2395092043660679,1,2.9800000000000836e-05,0.0,-0.799863,,,,,,,,,,,,,,,v1
KITEUSDT,16.00000000000027,2.7795840312797107,0,-0.003276,0.0,-0.393234,,,,,,,,,,,,,,,v1
WLDUSDT,13.888888888888928,2.234657292202141,0,-0.0059399999999999,0.0,-1.563722,,,,,,,,,,,,,,,v1
PIXELUSDT,21.052631578947494,1.1469606558159195,0,-0.0004436,0.0,-1.931943,,,,,,,,,,,,,,,v1
CHZUSDT,36.45833333333337,0.0573820771069176,1,0.0001694,1.0,0.180791,,,,,,,,,,,,,,,v1
RSRUSDT,13.33333333333286,1.362401269428678,0,-3.4979999999999994e-05,1.0,2.364576,,,,,,,,,,,,,,,v1
SHIBUSDT,30.000000000000085,4.418540168400838,0,-2.11999999999999e-08,1.0,0.242222,,,,,,,,,,,,,,,v1
ROSEUSDT,11.111111111111526,1.256729428087791,0,-0.0001229999999999,0.0,-1.365171,,,,,,,,,,,,,,,v1
SIGNUSDT,32.06106870228986,2.4150901313422146,0,-0.0004028,1.0,0.400913,,,,,,,,,,,,,,,v1
BANANAS31USDT,15.927419354838603,1.3985956227082146,0,-0.00036408,1.0,0.310737,,,,,,,,,,,,,,,v1
ONDOUSDT,37.64705882352956,1.2096337894362992,0,-0.002618,0.0,-0.958368,,,,,,,,,,,,,,,v1
HUMAUSDT,2.127659574468012,3.304833892412283,0,-0.0015391999999999,0.0,-4.139038,,,,,,,,,,,,,,,v1
HUMAUSDT,1.7647058823528852,4.939109326111773,0,-0.0019184,1.0,8.634722,,,,,,,,,,,,,,,v1
GUNUSDT,9.374999999999986,2.066849817475739,0,-0.0007003999999999,0.0,-0.476596,,,,,,,,,,,,,,,v1
LINEAUSDT,39.99999999999999,2.1940675062294126,0,-7.400000000000288e-06,0.0,-0.491032,,,,,,,,,,,,,,,v1
SUNUSDT,22.91666666666657,2.893130953795183,0,-0.0001217999999999,0.0,-0.580965,,,,,,,,,,,,,,,v1
GUNUSDT,21.21212121212137,1.9885863408365891,0,-0.0008529999999999,1.0,1.094876,,,,,,,,,,,,,,,v1
SENTUSDT,37.70491803278674,1.7713794445232105,0,-0.000373,0.0,0.0,,,,,,,,,,,,,,,v1
MANTRAUSDT,29.999999999999943,2.795085100839004,0,-0.0002666,1.0,0.603184,,,,,,,,,,,,,,,v1
SEIUSDT,37.50000000000033,2.628567794592805,0,-0.0004339999999999,1.0,0.636362,,,,,,,,,,,,,,,v1
BONKUSDT,16.66666666666643,1.5349744943589123,0,-2.540000000000064e-08,0.0,-0.482248,,,,,,,,,,,,,,,v1
COSUSDT,77.27272727272748,3.1383940693199914,1,1.6680000000000037e-05,0.0,-0.629682,,,,,,,,,,,,,,,v1
PEOPLEUSDT,22.222222222222328,4.057061109921226,0,-9.200000000000094e-05,0.0,0.0,,,,,,,,,,,,,,,v1
SUNUSDT,23.07692307692245,1.857862797998583,0,-0.000245,0.0,-0.162601,,,,,,,,,,,,,,,v1
TRXUSDT,33.333333333334096,0.0920470310775033,0,-0.0001479999999999,1.0,0.267013,,,,,,,,,,,,,,,v1
FLUXUSDT,27.777777777777786,0.0,0,-0.0001639999999999,0.0,-1.05325,,,,,,,,,,,,,,,v1
KITEUSDT,17.64705882352976,1.740900560342167,0,-0.0043179999999999,0.0,-1.273219,,,,,,,,,,,,,,,v1
CHZUSDT,35.29411764705918,0.3378562687002013,0,-2.9799999999996496e-05,1.0,0.346787,,,,,,,,,,,,,,,v1
ONTUSDT,78.41435185185185,3.620405773184941,1,0.0110458,0.0,-4.062333,,,,,,,,,,,,,,,v1
CFGUSDT,33.73493975903615,1.983317861804873,0,-0.0041159999999999,0.0,-1.452547,,,,,,,,,,,,,,,v1
PIXELUSDT,27.027027027026943,1.6512209127904691,0,-0.0001872,0.0,-2.487082,,,,,,,,,,,,,,,v1
ROBOUSDT,33.33333333333333,1.0343534604836258,0,-0.0003111999999999,1.0,1.184788,,,,,,,,,,,,,,,v1
FLUXUSDT,24.99999999999983,3.477423624004467,0,-0.001388,0.0,-1.479787,,,,,,,,,,,,,,,v1
BANANAS31USDT,4.999999999999815,1.4185095524663842,0,-0.00034574,0.0,-1.119663,,,,,,,,,,,,,,,v1
ZAMAUSDT,34.48275862068961,1.7022239618473285,0,-0.0002986,0.0,-0.548699,,,,,,,,,,,,,,,v1
BANANAS31USDT,17.281879194630775,1.7112925712553568,0,-0.00044796,0.0,-0.220857,,,,,,,,,,,,,,,v1
GUNUSDT,21.538461538461263,1.4458366368372917,0,-0.0003184,0.0,-1.159357,,,,,,,,,,,,,,,v1
FETUSDT,80.95238095238085,2.6804925585502044,1,0.0060059999999999,0.0,-1.059521,,,,,,,,,,,,,,,v1
BANANAS31USDT,34.93635077793475,3.313733601101212,0,-0.00040512,1.0,4.939802,,,,,,,,,,,,,,,v1
AIXBTUSDT,24.999999999999787,2.273768848437874,1,0.00017,0.0,-0.72464,,,,,,,,,,,,,,,v1
XRPUSDT,18.2926829268295,0.0844325302248748,0,-0.00042,1.0,0.245513,,,,,,,,,,,,,,,v1
SAHARAUSDT,17.142857142857366,0.1576968073830961,1,0.000105,1.0,1.259609,,,,,,,,,,,,,,,v1
KITEUSDT,16.923076923076835,1.2625703759106846,0,-0.003812,1.0,2.434792,,,,,,,,,,,,,,,v1
GALAUSDT,37.499999999999865,1.5004570518183469,0,-1.540000000000005e-05,0.0,-0.490637,,,,,,,,,,,,,,,v1
WLDUSDT,33.157894736842124,2.5555668459331677,1,0.0015719999999999,1.0,0.908273,,,,,,,,,,,,,,,v1
LRCUSDT,31.914893617021065,0.0579759001912054,0,-0.0002654,1.0,1.395357,,,,,,,,,,,,,,,v1
DOGEUSDT,35.86956521739124,0.1992373952070387,1,5.819999999999437e-05,1.0,0.131573,,,,,,,,,,,,,,,v1
A2ZUSDT,28.301886792452848,8.758405601663606,0,-2.3179999999999975e-05,1.0,7.875611,,,,,,,,,,,,,,,v1
ADAUSDT,31.57894736842121,0.0895291659942021,0,-0.0003859999999999,0.0,-0.174294,,,,,,,,,,,,,,,v1
SAHARAUSDT,36.42384105960255,1.608268512732955,1,0.0003592,1.0,4.122137,,,,,,,,,,,,,,,v1
NEIROUSDT,30.47619047619044,2.732241044206685,0,-3.481999999999978e-07,1.0,2.502247,,,,,,,,,,,,,,,v1
ZKUSDT,32.25806451612907,3.699088093400059,0,-0.0001126,1.0,1.937136,,,,,,,,,,,,,,,v1
CUSDT,28.358208955223876,4.995356159257953,0,-0.004106,0.0,-0.202532,,,,,,,,,,,,,,,v1
HEMIUSDT,38.709677419354826,1.0200853048306395,1,1.1200000000000272e-05,0.0,-0.906475,,,,,,,,,,,,,,,v1
NOMUSDT,36.36363636363635,3.91211990389617,1,3.959999999999988e-05,1.0,7.012174,,,,,,,,,,,,,,,v1
XRPUSDT,42.33576642335772,3.2912156203907577,1,0.0055140000000002,1.0,0.313995,,,,,,,,,,,,,,,v1
SUNUSDT,19.047619047620454,2.3394936384279794,0,-3.6600000000001215e-05,1.0,0.099638,,,,,,,,,,,,,,,v1
SAHARAUSDT,23.07692307692281,1.8005167340317516,0,-0.0002167999999999,0.0,-0.887934,,,,,,,,,,,,,,,v1
TRXUSDT,57.14285714285695,1.7996184617880695,1,0.0009339999999999,1.0,0.433915,,,,,,,,,,,,,,,v1
DOGEUSDT,24.637681159420268,0.825558306912922,1,0.000861,0.0,-0.766086,,,,,,,,,,,,,,,v1
HBARUSDT,31.57894736842105,0.3547553910854872,1,0.0001908,1.0,0.056836,,,,,,,,,,,,,,,v1
NEIROUSDT,28.12499999999963,2.1228995381943934,1,1.3139999999999674e-07,0.0,-0.048785,,,,,,,,,,,,,,,v1
PEPEUSDT,33.33333333333333,1.2308397007549836,0,-6.599999999999649e-09,0.0,-0.411978,,,,,,,,,,,,,,,v1
CHZUSDT,35.741444866920105,0.4145324517277045,0,-0.0002349999999999,1.0,3.970228,,,,,,,,,,,,,,,v1
AIXBTUSDT,38.46153846153853,1.3156119239748625,1,0.000278,0.0,-0.58585,,,,,,,,,,,,,,,v1
SHIBUSDT,33.33333333333357,1.1213673377734068,0,-1.3199999999999298e-08,0.0,-0.674536,,,,,,,,,,,,,,,v1
ROBOUSDT,24.590163934426243,1.090633834226672,0,-0.0001196,1.0,0.606316,,,,,,,,,,,,,,,v1
HEMIUSDT,37.50000000000009,1.8475438279593208,1,0.0001007999999999,0.0,-2.772277,,,,,,,,,,,,,,,v1
BIOUSDT,37.5,1.464523526174364,1,4.000000000000184e-05,0.0,-0.809639,,,,,,,,,,,,,,,v1
HEMIUSDT,27.27272727272725,2.9222734337478835,0,-6.799999999999515e-06,0.0,-0.236779,,,,,,,,,,,,,,,v1
LINEAUSDT,20.0,9.71231681008179,0,-2.8799999999999836e-05,0.0,0.0,,,,,,,,,,,,,,,v1
TRXUSDT,29.03225806451532,1.9657614788771107,0,-0.000292,0.0,-0.089007,,,,,,,,,,,,,,,v1
TRXUSDT,34.28571428571419,1.1784129952954752,0,-1.199999999995649e-05,0.0,-0.400151,,,,,,,,,,,,,,,v1
CHZUSDT,85.09316770186317,2.170538905325138,1,0.0013377999999999,0.0,-1.075617,,,,,,,,,,,,,,,v1
HEMIUSDT,3.4482758620691243,1.700551886622123,0,-0.0001613999999999,1.0,7.322913,,,,,,,,,,,,,,,v1
TRXUSDT,30.00000000000111,0.0116024949558365,0,-0.0007139999999999,0.0,-0.134907,,,,,,,,,,,,,,,v1
ENJUSDT,76.85950413223148,2.353922398238515,1,0.0006524,0.0,-0.906944,,,,,,,,,,,,,,,v1
PEPEUSDT,37.50000000000013,2.062332786817106,0,-8.399999999999784e-09,0.0,-0.427698,,,,,,,,,,,,,,,v1
WLFIUSDT,17.647058823529846,1.147473631221802,0,-0.0012719999999999,0.0,-0.145766,,,,,,,,,,,,,,,v1
TURBOUSDT,39.28571428571434,1.5418194601292587,0,-1.2400000000000085e-05,0.0,-0.821882,,,,,,,,,,,,,,,v1
CHZUSDT,33.11258278145688,0.2910903511976211,1,0.0003312,0.0,-0.069185,,,,,,,,,,,,,,,v1
SHIBUSDT,30.769230769230774,2.2515592279208447,0,-3.6999999999998975e-08,0.0,0.0,,,,,,,,,,,,,,,v1
ZILUSDT,14.285714285714278,0.0,0,-3.800000000000027e-05,0.0,-0.755908,,,,,,,,,,,,,,,v1
PIXELUSDT,22.500000000000227,3.137382402048769,0,-0.0001937999999999,1.0,0.174015,,,,,,,,,,,,,,,v1
XRPUSDT,34.37500000000044,1.369843304139358,0,-0.002706,0.0,-0.425758,,,,,,,,,,,,,,,v1
PUMPUSDT,33.33333333333356,1.4834719340091724,0,-1.709999999999971e-05,0.0,-1.697294,,,,,,,,,,,,,,,v1
XRPUSDT,27.86069651741238,2.7670908937842986,0,-0.0105239999999999,1.0,0.087002,,,,,,,,,,,,,,,v1
ZILUSDT,16.666666666666657,1.9138896195764843,0,-6.140000000000008e-05,0.0,0.0,,,,,,,,,,,,,,,v1
ENAUSDT,30.30303030303051,1.707136408522783,0,-0.00141,0.0,-0.98138,,,,,,,,,,,,,,,v1
BONKUSDT,35.294117647058826,1.567393449507219,0,-6.23999999999996e-08,,,,,,,,,,,,,,,,,v1
WLFIUSDT,33.33333333333356,4.5432431785358585,0,-0.00075,,,,,,,,,,,,,,,,,v1
SHIBUSDT,27.272727272727263,2.3980128261415548,0,-6.76e-08,0.0,0.0,,,,,,,,,,,,,,,v1
HEMIUSDT,37.499999999999936,1.2112099922234474,1,3.059999999999955e-05,,,,,,,,,,,,,,,,,v1
ANKRUSDT,37.50000000000004,0.1735007611418927,1,4.380000000000096e-05,1.0,3.2323,1774749666,,,,,,,,,,,,,,v2
CUSDT,37.09677419354834,2.648407537985414,1,0.0007379999999999,0.0,-2.1027,1774752793,,,,,,,,,,,,,,v2
IDEXUSDT,38.000000000000014,1.9876149932473288,0,-4.399999999999977e-05,0.0,-3.2821,1774753126,,,,,,,,,,,,,,v2
IDEXUSDT,29.0,0.0342041432146924,0,-0.0001582,1.0,7.5294,1774753818,,,,,,,,,,,,,,v2
CUSDT,22.580645161290175,1.9355264327298725,0,-0.001846,0.0,-1.3193,1774755169,,,,,,,,,,,,,,v2
IDEXUSDT,39.18918918918919,1.324398627695144,0,-1.660000000000073e-05,0.0,-3.8794,1774755835,,,,,,,,,,,,,,v2
ANKRUSDT,31.2499999999999,0.4073304508769041,1,3.5400000000000535e-05,1.0,1.0346,1774756164,,,,,,,,,,,,,,v2
BANANAS31USDT,36.99731903485251,1.2323558155156873,1,4.381999999999997e-05,0.0,-0.8435,1774756995,,,,,,,,,,,,,,v2
PIXELUSDT,23.5294117647054,0.0891607215937946,0,-8.38000000000002e-05,0.0,-0.7168,1774758642,,,,,,,,,,,,,,v2
PIXELUSDT,25.92592592592574,0.0,0,-0.0001498,0.0,-0.9639,1774760107,,,,,,,,,,,,,,v2
PENGUUSDT,24.44444444444487,1.2529202633350618,1,5.6600000000002135e-06,0.0,-0.2249,1774760599,,,,,,,,,,,,,,v2
STOUSDT,33.49282296650716,4.881551440067691,1,0.003886,1.0,1.6671,1774760930,,,,,,,,,,,,,,v2
ADAUSDT,27.499999999999915,18.43655768065053,0,-0.001654,1.0,0.3494,1774761600,,,,,,,,,,,,,,v2
币安人生USDT,14.285714285714562,2.1289871553461044,0,-0.0003479999999999,1.0,9.6344,1774765446,,,,,,,,,,,,,,v2
GUNUSDT,29.166666666666544,2.2193243217998115,0,-0.000228,1.0,1.7885,1774766917,,,,,,,,,,,,,,v2
ZKUSDT,23.07692307692349,2.8528608783850777,0,-0.0001405999999999,1.0,0.1929,1774768057,,,,,,,,,,,,,,v2
CHZUSDT,34.93975903614451,0.1036304304119455,0,-0.0001875999999999,0.0,-0.3947,1774768548,,,,,,,,,,,,,,v2
A2ZUSDT,35.999999999999986,4.522283859421536,0,-9.14000000000001e-06,1.0,1.9318,1774770681,,,,,,,,,,,,,,v2
ANKRUSDT,39.02439024390244,3.1161324559267127,1,4.160000000000101e-05,0.0,-2.0834,1774772640,,,,,,,,,,,,,,v2
NIGHTUSDT,26.146788990825712,1.4051156813294252,0,-0.0010845999999999,0.0,-1.5342,1774773128,,,,,,,,,,,,,,v2
HUMAUSDT,17.592592592592766,1.8595095246356776,0,-0.0008754,0.0,-1.6441,1774774422,,,,,,,,,,,,,,v2
ANKRUSDT,35.71428571428564,0.0106934015036113,0,-4.740000000000039e-05,0.0,-3.5776,1774776348,,,,,,,,,,,,,,v2
HUMAUSDT,28.72340425531929,1.5289433497482798,0,-0.000973,0.0,-0.846,1774776507,,,,,,,,,,,,,,v2
GUNUSDT,15.09433962264157,1.110318628948315,0,-0.0004659999999999,0.0,-0.4071,1774778253,,,,,,,,,,,,,,v2
STOUSDT,35.29411764705878,1.4384801949903785,1,0.0047799999999999,1.0,1.2094,1774778900,,,,,,,,,,,,,,v2
TRXUSDT,35.714285714284856,0.5570350034951057,1,0.001236,0.0,-0.4492,1774779703,,,,,,,,,,,,,,v2
TRXUSDT,32.35294117646957,0.0143782307718654,1,0.0001399999999999,1.0,0.4054,1774780841,,,,,,,,,,,,,,v2
CHZUSDT,9.17431192660547,8.908953800711497,0,-0.0015109999999999,1.0,0.8052,1774782146,,,,,,,,,,,,,,v2
BANANAS31USDT,29.68197879858656,2.5804332184157475,0,-0.0001214199999999,0.0,-0.56,1774783292,,,,,,,,,,,,,,v2
SENTUSDT,36.24999999999997,1.4405629985460626,1,0.0009037999999999,0.0,-0.6958,1774784907,,,,,,,,,,,,,,v2
FETUSDT,17.821782178217774,2.294203957844816,0,-0.004898,0.0,-1.3508,1774790599,,,,,,,,,,,,,,v2
RDNTUSDT,32.85714285714283,3.452383878021531,0,-4.600000000000437e-06,0.0,-0.3721,1774790929,,,,,,,,,,,,,,v2
TRXUSDT,32.142857142857295,0.2300002276963935,0,-0.0007179999999999,1.0,0.1205,1774791095,,,,,,,,,,,,,,v2
ADAUSDT,29.545454545454533,1.4612029022919688,0,-0.00197,1.0,0.2956,1774792680,,,,,,,,,,,,,,v2
CETUSUSDT,30.263157894736963,1.6891854226827856,0,-0.0002595999999999,0.0,-3.2416,1774794789,,,,,,,,,,,,,,v2
DUSDT,8.737864077669954,1.3878259244144382,0,-3.699999999999971e-05,0.0,-0.5196,1774795119,,,,,,,,,,,,,,v2
CETUSUSDT,0.0,1.5635274339317136,0,-0.0012963999999999,0.0,-0.3411,1774796233,,,,,,,,,,,,,,v2
RDNTUSDT,33.3333333333334,1.797096795351455,0,-0.0001103999999999,1.0,10.0798,1774796999,,,,,,,,,,,,,,v2
SENTUSDT,33.789954337899474,1.7880411984739806,1,0.000306,0.0,-0.6148,1774798402,,,,,,,,,,,,,,v2
RVNUSDT,40.90909090909081,3.5680166158567115,1,1.9599999999999823e-05,0.0,-0.4681,1774798402,,,,,,,,,,,,,,v2
PUMPUSDT,39.99999999999983,4.497906475205736,1,1.4999999999999825e-06,1.0,0.3237,1774800200,,,,,,,,,,,,,,v2
HEMIUSDT,25.00000000000007,1.8297379683192887,0,-0.0001202,0.0,-1.9817,1774800675,,,,,,,,,,,,,,v2
ZBTUSDT,35.22727272727268,2.8017583013730705,0,-0.0010599999999999,0.0,-2.906,1774801736,,,,,,,,,,,,,,v2
ZBTUSDT,27.999999999999982,1.2916423034262656,0,-0.002404,1.0,5.7851,1774802215,,,,,,,,,,,,,,v2
RVNUSDT,32.35294117647072,0.4673825520987424,0,-0.0001086,1.0,1.3937,1774802789,,,,,,,,,,,,,,v2
ONTUSDT,60.70175438596488,1.6282663064389764,1,0.0009125999999999,1.0,1.5416,1774803301,,,,,,,,,,,,,,v2
HEMIUSDT,17.39130434782588,1.315591426385224,0,-0.000102,0.0,-1.1566,1774809231,,,,,,,,,,,,,,v2
CUSDT,32.46753246753251,1.9014661619556192,1,0.000448,1.0,2.0656,1774811001,,,,,,,,,,,,,,v2
OGNUSDT,14.965986394557902,0.0050727409348491,1,0.0001039999999999,1.0,9.3104,1774812921,,,,,,,,,,,,,,v2
SEIUSDT,24.999999999999787,6.939402266375962,0,-0.0005039999999999,0.0,-0.2598,1774813087,,,,,,,,,,,,,,v2
ONTUSDT,37.75933609958507,0.0027836227595453,0,-1.780000000000531e-05,0.0,-0.1933,1774814740,,,,,,,,,,,,,,v2
CETUSUSDT,26.66666666666684,1.7326268494311887,0,-0.0006523999999999,0.0,-1.059,1774816389,,,,,,,,,,,,,,v2
GUNUSDT,9.99999999999973,2.4594187858241314,0,-0.0002503999999999,0.0,0.0,1774817382,,,,,,,,,,,,,,v2
CETUSUSDT,23.148148148148152,1.5648749686911576,0,-0.0007777999999999,1.0,0.5465,1774817544,,,,,,,,,,,,,,v2
A2ZUSDT,18.518518518518533,2.622703415723685,0,-1.974e-05,0.0,-3.9577,1774819353,,,,,,,,,,,,,,v2
A2ZUSDT,20.58823529411764,2.0162828082323223,0,-2.204e-05,0.0,-3.3708,1774819681,,,,,,,,,,,,,,v2
SOPHUSDT,18.21862348178135,2.065228032189018,1,0.0002776,0.0,-0.9143,1774820336,,,,,,,,,,,,,,v2
PUMPUSDT,25.80645161290282,2.8646696965290235,0,-8.819999999999878e-06,0.0,-0.5758,1774821727,,,,,,,,,,,,,,v2
PEPEUSDT,44.44444444444429,3.201919378348032,1,5.999999999999604e-09,0.0,-2.2078,1774822976,,,,,,,,,,,,,,v2
XRPUSDT,28.6274509803924,1.7348692175225788,0,-0.0063539999999997,0.0,-0.8906,1774823887,,,,,,,,,,,,,,v2
TRXUSDT,36.36363636363601,5.178732421435187,0,-1.399999999995849e-05,0.0,-0.3104,1774824423,,,,,,,,,,,,,,v2
FLOWUSDT,25.624999999999915,2.1407928834793,0,-0.0007728,1.0,3.5431,1774828055,,,,,,,,,,,,,,v2
ONTUSDT,74.9311294765839,1.8523734192822543,1,0.0005413999999999,0.0,-4.0668,1774828728,,,,,,,,,,,,,,v2
COSUSDT,15.78947368421079,1.8208154737714797,0,-2.6660000000000185e-05,1.0,1.538,1774829535,,,,,,,,,,,,,,v2
XRPUSDT,74.8129675810474,2.7782601999332024,1,0.0207419999999998,0.0,-1.5692,1774830073,,,,,,,,,,,,,,v2
NOMUSDT,28.73563218390805,3.528032980962276,1,0.0001331999999999,0.0,-4.2764,1774830714,,,,,,,,,,,,,,v2
TRXUSDT,35.00000000000027,0.009021182206282,0,-0.0018539999999999,1.0,0.6806,1774831812,,,,,,,,,,,,,,v2
ONTUSDT,64.96713802031469,2.5214346787817488,1,0.0123236,0.0,-3.507,1774831967,,,,,,,,,,,,,,v2
SEIUSDT,41.17647058823525,1.9111754792768127,1,8.199999999999874e-05,1.0,4.1274,1774834110,,,,,,,,,,,,,,v2
ONTUSDT,31.784841075794603,2.309567165511289,1,0.0076162,0.0,-0.2674,1774835004,,,,,,,,,,,,,,v2
SOPHUSDT,25.71428571428568,1.0341562236318995,0,-0.0002008,0.0,-0.1745,1774836540,,,,,,,,,,,,,,v2
FLOWUSDT,21.739130434782624,2.225013152949736,0,-4.020000000000065e-05,1.0,0.4999,1774838356,,,,,,,,,,,,,,v2
NOMUSDT,25.333333333333314,1.1481806597092634,1,0.000478,0.0,-3.5429,1774839725,,,,,,,,,,,,,,v2
SIGNUSDT,14.4654088050315,1.3456277718917569,0,-0.0006735999999999,0.0,-1.6879,1774841895,,,,,,,,,,,,,,v2
USDCUSDT,60.0,1.8019680374252116,1,4.199999999987547e-05,0.0,-0.0138,1774842045,,,,,,,,,,,,,,v2
SIGNUSDT,28.735632183908265,1.1231343393257347,0,-0.0008987999999999,0.0,-0.1341,1774843984,,,,,,,,,,,,,,v2
TRXUSDT,27.77777777777787,2.3775197983312077,0,-0.000904,1.0,0.401,1774845760,,,,,,,,,,,,,,v2
ADAUSDT,36.73469387755088,1.7639041709920174,1,0.001158,1.0,0.0581,1774847982,,,,,,,,,,,,,,v2
WUSDT,0.0,1.2067662631192428,1,0.000102,0.0,-1.1273,1774848574,,,,,,,,,,,,,,v2
MUBARAKUSDT,39.99999999999983,2.001464063231014,1,1.1599999999998764e-05,0.0,-0.2431,1774848575,,,,,,,,,,,,,,v2
USDCUSDT,39.99999999999999,1.573303698120768,1,8.000000000008e-06,0.0,-0.0137,1774849176,,,,,,,,,,,,,,v2
ARBUSDT,29.99999999999945,4.501825419258659,1,0.00017,0.0,-0.315,1774849476,,,,,,,,,,,,,,v2
DOGEUSDT,36.55913978494642,3.666092936687417,1,0.000113,0.0,-0.2635,1774851584,,,,,,,,,,,,,,v2
币安人生USDT,34.7826086956522,2.9223214686678016,0,-0.0005699999999999,0.0,-0.6659,1774851740,,,,,,,,,,,,,,v2
WLFIUSDT,33.33333333333303,2.6704934991025957,0,-0.00046,0.0,-0.2873,1774852919,,,,,,,,,,,,,,v2
DOGEUSDT,37.42690058479534,0.1650125326576493,0,-0.0002011999999999,1.0,1.0173,1774854389,,,,,,,,,,,,,,v2
MANTRAUSDT,28.00000000000003,1.209758913309977,0,-9.319999999999988e-05,0.0,-0.3003,1774856893,,,,,,,,,,,,,,v2
NIGHTUSDT,21.11801242236025,1.6470247256872532,0,-0.0009755999999999,0.0,-0.0574,1774856893,,,,,,,,,,,,,,v2
TRXUSDT,39.99999999999999,0.0161005940890991,0,-0.000624,0.0,-0.1342,1774858831,,,,,,,,,,,,,,v2
NIGHTUSDT,25.161290322580697,2.2571759534591496,0,-0.000791,0.0,-0.3282,1774859901,,,,,,,,,,,,,,v2
PENGUUSDT,30.64516129032268,1.4458939952444174,0,-3.309999999999945e-05,0.0,-0.5231,1774861111,,,,,,,,,,,,,,v2
USUALUSDT,35.33333333333333,1.1334405590508436,1,0.0001084,0.0,-0.1442,1774863720,,,,,,,,,,,,,,v2
USD1USDT,39.99999999999999,2.795303177904441,0,-0.000126,0.0,0.0,1774864025,,,,,,,,,,,,,,v2
NIGHTUSDT,27.4336283185839,1.8464618141419584,0,-0.0010027999999999,0.0,-0.7308,1774864025,,,,,,,,,,,,,,v2
RSRUSDT,38.23529411764723,0.0103221821691665,0,-2.9000000000001247e-06,1.0,1.3442,1774867000,,,,,,,,,,,,,,v2
MANTRAUSDT,34.99999999999966,1.4465719352058162,0,-5.579999999999995e-05,1.0,0.4883,1774867371,,,,,,,,,,,,,,v2
NIGHTUSDT,11.53846153846156,2.8139004638936758,0,-0.0009078,1.0,1.5303,1774869845,,,,,,,,,,,,,,v2
PIXELUSDT,31.818181818181884,1.9257626843674165,0,-3.539999999999967e-05,0.0,-0.179,1774870795,,,,,,,,,,,,,,v2
DUSDT,33.333333333333314,1.576734820229576,1,0.0002791999999999,0.0,-2.5189,1774874871,,,,,,,,,,,,,,v2
THEUSDT,33.96226415094337,2.4244478721747265,1,0.000518,1.0,7.5744,1774875833,,,,,,,,,,,,,,v2
DUSDT,35.23809523809527,2.8776178031371176,1,4.999999999999796e-06,0.0,-3.6745,1774876407,,,,,,,,,,,,,,v2
XRPUSDT,38.27160493827237,0.5637554051073677,0,-0.002604,0.0,-0.5194,1774879919,,,,,,,,,,,,,,v2
NEIROUSDT,35.398230088495524,0.0,1,1.2339999999999953e-07,0.0,-1.4451,1774880102,,,,,,,,,,,,,,v2
XRPUSDT,15.0442477876108,1.212171232351199,0,-0.0122880000000002,1.0,0.2408,1774881377,,,,,,,,,,,,,,v2
ACTUSDT,39.99999999999999,1.288166152600951,1,3.5999999999999574e-05,0.0,0.0,1774881748,,,,,,,,,,,,,,v2
VETUSDT,35.46511627906955,1.2479914290809462,0,-4.038000000000045e-05,0.0,-0.0853,1774882155,,,,,,,,,,,,,,v2
HBARUSDT,37.254901960784295,0.0440417740683838,0,-0.0005632,1.0,0.0161,1774882544,,,,,,,,,,,,,,v2
GALAUSDT,20.00000000000017,0.0,0,-4.6199999999999714e-05,0.0,0.0,1774884308,,,,,,,,,,,,,,v2
USUALUSDT,19.14893617021249,3.7043868468991374,0,-0.0004266,0.0,-0.2085,1774884850,,,,,,,,,,,,,,v2
RDNTUSDT,38.461538461538666,2.257121967418558,0,-3.859999999999975e-05,0.0,-1.193,1774886094,,,,,,,,,,,,,,v2
PIXELUSDT,29.99999999999983,1.508446234125939,0,-6.200000000000042e-05,1.0,0.5344,1774886278,,,,,,,,,,,,,,v2
FETUSDT,15.068493150685114,2.1186281586178684,0,-0.00544,0.0,-1.261,1774889057,,,,,,,,,,,,,,v2
币安人生USDT,36.11111111111118,1.41644547882067,1,0.0009619999999999,0.0,-1.8429,1774889533,,,,,,,,,,,,,,v2
CETUSUSDT,29.861111111111,0.0515280168385255,1,0.0002814,0.0,-2.6054,1774890933,,,,,,,,,,,,,,v2
SHIBUSDT,28.57142857142857,1.527228186223966,1,1.3800000000000612e-08,0.0,-1.1343,1774891388,,,,,,,,,,,,,,v2
币安人生USDT,23.076923076923165,1.4172173670608452,1,6.199999999999956e-05,0.0,0.0,1774891697,,,,,,,,,,,,,,v2
VETUSDT,19.685039370078695,1.7886137114536391,0,-6.323999999999913e-05,0.0,-0.0617,1774891698,,,,,,,,,,,,,,v2
AMPUSDT,33.04347826086952,3.650733003858632,1,3.092000000000004e-05,1.0,1.9257,1774892340,,,,,,,,,,,,,,v2
ADAUSDT,21.42857142857129,0.5180496330780064,0,-0.0023619999999999,0.0,-0.7301,1774894276,,,,,,,,,,,,,,v2
HBARUSDT,7.352941176470793,1.9179819486310832,0,-0.0012302,0.0,-0.3464,1774895038,,,,,,,,,,,,,,v2
VETUSDT,31.06796116504852,5.913997718815259,0,-4.547999999999965e-05,0.0,-0.1711,1774895345,,,,,,,,,,,,,,v2
AMPUSDT,22.72727272727279,0.003710134246235,0,-1.688000000000015e-05,0.0,-1.3986,1774908303,,,,,,,,,,,,,,v2
RSRUSDT,24.99999999999966,2.482257193247626,0,-1.3399999999996314e-06,0.0,-1.23,1774910000,,,,,,,,,,,,,,v2
VETUSDT,21.686746987951608,0.1351615339766865,1,1.3599999999997297e-06,0.0,-0.8506,1774911136,,,,,,,,,,,,,,v2
ARBUSDT,29.41176470588259,13.153392091644028,1,0.0001119999999999,0.0,-0.4431,1774911840,,,,,,,,,,,,,,v2
SUNUSDT,13.636363636363214,1.5038098479328312,0,-9.560000000000124e-05,0.0,-0.5859,1774912720,,,,,,,,,,,,,,v2
USD1USDT,37.5,5.846361788074229,0,-0.0001359999999999,,,1774917414,,,,,,,,,,,,,,v2
STOUSDT,17.045454545454774,1.163239349376714,0,-0.0043559999999999,0.0,-2.1155,1774917598,,,,,,,,,,,,,,v2
A2ZUSDT,25.925925925925867,1.5052082152620678,0,-1.2120000000000013e-05,1.0,7.9101,1774917768,,,,,,,,,,,,,,v2
TRXUSDT,35.29411764705958,0.0474386013801219,0,-0.0002059999999999,1.0,0.1268,1775081177,22,2,0.7,sideways,trend,conservative,0.0003142857142857,low,off,0,,,,v3
PHAUSDT,32.14285714285711,1.5697215174655086,1,0.00021,0.0,-1.6754,1775082548,22,2,0.75,bull,breakout,normal,0.0003928571428571,medium,off,0,,,,v3
COSUSDT,24.83221476510072,3.882023857339107,0,-1.4760000000000164e-05,1.0,9.7944,1775082890,22,2,0.8,sideways,mean_reversion,conservative,1.9714285714285718e-05,medium,off,0,,,,v3
HBARUSDT,21.00456621004578,1.9254135483377108,0,-0.000929,1.0,0.434,1775084495,23,2,0.8,bear,mean_reversion,normal,0.0002078571428571,low,off,0,,,,v3
ONTUSDT,27.21106890938688,1.0990308543836311,0,-0.0139637999999999,0.0,-5.2296,1775086587,23,2,0.8,sideways,mean_reversion,conservative,0.0037814285714285,high,off,0,,,,v3
ONGUSDT,28.39195979899497,1.1816957174964997,0,-0.0024216,0.0,-0.5032,1775086588,23,2,0.8,sideways,mean_reversion,conservative,0.0009814285714285,medium,off,0,,,,v3
COSUSDT,28.934010152284216,1.678205294051045,1,5.020000000000111e-06,0.0,-1.5912,1775088232,0,3,0.8,bull,mean_reversion,aggressive,2.8785714285714265e-05,medium,asia,0,,,,v3
GUSDT,29.62962962962956,2.734554263191661,0,-0.0001047999999999,0.0,-0.7596,1775090339,0,3,0.8,bear,mean_reversion,normal,2.7857142857142868e-05,low,asia,0,,,,v3
VTHOUSDT,17.204301075268788,1.5748751748840195,1,6.520000000000093e-06,0.0,-1.8271,1775092772,1,3,0.8,bull,mean_reversion,aggressive,1.3357142857142873e-05,medium,asia,0,,,,v3
ADAUSDT,29.838709677419278,3.416193077328449,0,-0.0053059999999999,0.0,-1.6373,1775093614,1,3,0.8,bear,mean_reversion,normal,0.0017214285714285,low,asia,0,,,,v3
BONKUSDT,20.00000000000007,3.1593490293733,0,-1.350000000000004e-07,0.0,-0.6905,1775094138,1,3,0.8,bear,mean_reversion,normal,3.64285714285715e-08,low,asia,0,,,,v3
SHIBUSDT,26.666666666666785,1.654516754142294,0,-1.038000000000006e-07,0.0,-1.3629,1775097226,2,3,0.8,bear,mean_reversion,normal,3.1428571428571674e-08,low,asia,0,,,,v3
FLOWUSDT,35.33834586466166,2.632317054938341,0,-7.73999999999983e-05,0.0,-1.1294,1775097227,2,3,0.7,sideways,trend,conservative,0.0001807142857142,low,asia,0,,,,v3
JSTUSDT,31.9899244332493,0.4559093598255993,0,-0.0002607999999999,1.0,0.3012,1775097953,2,3,0.7,sideways,trend,conservative,0.0003835714285714,low,asia,0,,,,v3
FIDAUSDT,29.999999999999982,2.646755460888166,0,-0.0005707999999999,1.0,9.1435,1775100591,3,3,0.8,sideways,mean_reversion,conservative,0.0002557142857142,medium,asia,0,,,,v3
ZAMAUSDT,37.288135593220346,0.2699586541807318,1,5.680000000000268e-05,0.0,-0.9594,1775106603,5,3,0.7,bull,trend,normal,7.571428571428609e-05,low,asia,0,,,,v3
ANKRUSDT,31.81818181818187,0.0,0,-3.460000000000008e-05,0.0,-1.9608,1775108714,5,3,0.7,sideways,trend,conservative,3.071428571428564e-05,low,asia,0,,,,v3
ANKRUSDT,34.48275862068961,0.2429577975680704,0,-6.440000000000005e-05,1.0,0.3945,1775109684,6,3,0.7,sideways,trend,conservative,2.8571428571428523e-05,low,asia,0,,,,v3
PHAUSDT,38.46153846153846,1.6144117267340312,0,-0.0004279999999999,0.0,-2.0888,1775109878,6,3,0.7,sideways,trend,conservative,0.0002928571428571,low,asia,0,,,,v3
SKLUSDT,29.032258064516117,8.785606589742185,0,-6.339999999999991e-05,1.0,1.1594,1775114244,7,3,0.8,bear,mean_reversion,normal,3.5714285714285744e-05,low,asia,0,,,,v3
FOGOUSDT,24.324324324324834,1.4020328893778249,1,6.919999999999843e-05,0.0,-1.2361,1775116012,7,3,0.8,sideways,mean_reversion,conservative,6.0714285714285965e-05,low,asia,0,,,,v3
ENAUSDT,14.814814814814753,4.0488633801825245,0,-0.0018119999999999,0.0,-1.7455,1775116793,7,3,0.8,bear,mean_reversion,normal,0.0004714285714285,low,asia,0,,,,v3
ZKUSDT,34.999999999999915,2.849985870974762,1,4.779999999999715e-05,0.0,-0.8211,1775117967,8,3,0.75,sideways,breakout,conservative,3.357142857142869e-05,low,europe,0,,,,v3
POLUSDT,23.076923076923336,2.1708581132852984,0,-0.000154,0.0,-0.8791,1775118558,8,3,0.8,bear,mean_reversion,normal,0.0002214285714285,low,europe,0,,,,v3
USDTTRY,42.85714285713996,4.305442572196367,1,0.0057999999999935,0.0,-0.0755,1775119362,8,3,0.75,bull,breakout,normal,0.0107142857142881,low,europe,0,,,,v3
USDTTRY,37.49999999999889,2.703127728709282,0,-0.0047999999999959,0.0,-0.0378,1775119764,8,3,0.7,sideways,trend,conservative,0.0114285714285732,low,europe,0,,,,v3
JSTUSDT,29.914529914529822,1.704210458610723,0,-0.0005672,0.0,-1.9086,1775119765,8,3,0.8,sideways,mean_reversion,conservative,0.0002799999999999,low,europe,0,,,,v3
NIGHTUSDT,33.72781065088756,1.8155401493169856,1,2.619999999999706e-05,0.0,-0.1648,1775120579,9,3,0.75,bull,breakout,normal,0.0002371428571428,low,europe,0,,,,v3
ENJUSDT,28.69565217391313,1.5839365478477951,1,2.1800000000002373e-05,0.0,-0.4613,1775122006,9,3,0.8,bull,mean_reversion,aggressive,0.0001564285714285,low,europe,0,,,,v3
SXTUSDT,30.00000000000003,0.0,1,3.199999999999731e-05,0.0,-0.8964,1775122818,9,3,0.7,bull,trend,normal,0.0001714285714285,medium,europe,0,,,,v3
NOMUSDT,40.133779264214056,2.849761420103784,1,0.000223,1.0,13.3433,1775124237,10,3,0.75,bull,breakout,normal,0.0012171428571428,high,europe,0,,,,v3
RESOLVUSDT,30.769230769230788,1.8448079706466896,1,0.0003739999999999,1.0,2.4957,1775125436,10,3,0.75,bull,breakout,normal,0.0004142857142857,medium,europe,0,,,,v3
DODOUSDT,29.05982905982914,2.0992439150054603,0,-0.0003492,1.0,1.9276,1775126050,10,3,0.8,sideways,mean_reversion,conservative,0.0001421428571428,low,europe,0,,,,v3
DOLOUSDT,38.13038130381305,2.298556193344913,1,0.0008281999999999,0.0,-0.999,1775129328,11,3,0.75,bull,breakout,normal,0.001375,high,europe,0,,,,v3
BABYUSDT,24.56140350877186,2.0963865948629508,0,-0.0002609999999999,0.0,-0.2074,1775130542,11,3,0.8,bear,mean_reversion,normal,6.499999999999983e-05,low,europe,0,,,,v3
ONTUSDT,31.71428571428578,1.4144052958268234,0,-0.0032725999999999,0.0,-3.0784,1775132993,12,3,0.7,sideways,trend,conservative,0.0017392857142857,medium,europe,0,,,,v3
ALGOUSDT,28.30188679245279,0.5036352157045141,0,-0.0008159999999999,1.0,0.4231,1775133385,12,3,0.8,sideways,mean_reversion,conservative,0.00065,low,europe,0,,,,v3
SUNUSDT,19.99999999999945,2.3303239333306065,0,-0.000132,0.0,0.0,1775133770,12,3,0.8,bear,mean_reversion,normal,3.428571428571462e-05,low,europe,0,,,,v3
ENJUSDT,28.57142857142857,0.061038991658966,0,-0.0003528,0.0,-1.2376,1775134534,12,3,0.8,sideways,mean_reversion,conservative,7.571428571428536e-05,low,europe,0,,,,v3
VETUSDT,24.27184466019365,4.433195806118864,0,-6.394000000000104e-05,0.0,0.0,1775135901,13,3,0.8,bear,mean_reversion,normal,1.3357142857142834e-05,low,us,0,,,,v3
XRPUSDT,14.67391304347872,1.8559493825165951,0,-0.0187699999999999,1.0,0.0312,1775137075,13,3,0.8,bear,mean_reversion,normal,0.0029285714285714,low,us,0,,,,v3
TRXUSDT,38.88888888888837,3.668063260028013,1,6.0000000000060005e-06,0.0,-0.3797,1775139600,14,3,0.75,bull,breakout,normal,0.0003642857142857,low,us,0,,,,v3
REZUSDT,34.567901234567884,0.5384640534577783,1,0.0001075999999999,0.0,-3.5457,1775140569,14,3,0.7,bull,trend,normal,0.0001421428571428,high,us,0,,,,v3
EDENUSDT,27.77777777777776,0.0,1,0.0003319999999999,1.0,7.5528,1775141406,14,3,0.8,bull,mean_reversion,aggressive,0.0003357142857142,medium,us,0,,,,v3
TRXUSDT,30.00000000000027,1.5188811065574686,0,-0.0006579999999999,0.0,-0.4516,1775142454,15,3,0.7,sideways,trend,conservative,0.0004142857142857,low,us,0,,,,v3
ARBUSDT,34.61538461538447,1.7069194384268902,1,0.000504,0.0,-0.4789,1775146041,16,3,0.75,sideways,breakout,conservative,0.0003428571428571,low,us,0,,,,v3
PENGUUSDT,38.27160493827171,3.217920711806795,1,1.3159999999999908e-05,1.0,0.4851,1775146801,16,3,0.75,sideways,breakout,conservative,2.2357142857142788e-05,low,us,0,,,,v3
PEPEUSDT,45.45454545454531,1.551896783453063,1,2.4799999999999746e-08,0.0,0.0,1775147005,16,3,0.75,sideways,breakout,conservative,1.714285714285713e-08,low,us,0,,,,v3
BMTUSDT,20.51835853131749,1.5259651617976424,1,0.0002718,0.0,-1.6828,1775150398,17,3,0.8,bull,mean_reversion,aggressive,0.0008892857142857,high,us,0,,,,v3
CTSIUSDT,25.405092592592624,0.4685063186284718,1,0.0053652,0.0,-8.5526,1775151131,17,3,0.8,bull,mean_reversion,aggressive,0.0034257142857142,high,us,0,,,,v3
CTSIUSDT,33.03009097270821,0.360977836462394,1,0.0032431999999999,1.0,12.4225,1775151976,17,3,0.7,bull,trend,normal,0.0028171428571428,high,us,0,,,,v3
FLOWUSDT,23.27586206896568,2.468390952909725,0,-0.0006503999999999,0.0,-0.3549,1775152374,17,3,0.8,bear,mean_reversion,normal,0.0001192857142857,low,us,0,,,,v3
CHRUSDT,36.36363636363653,0.0140448320642795,1,0.000244,1.0,0.8506,1775153168,18,3,0.7,bull,trend,normal,0.0001928571428571,medium,us,0,,,,v3
ARPAUSDT,20.26143790849676,0.5032004823105095,1,0.0001633999999999,1.0,0.906,1775154034,18,3,0.8,bull,mean_reversion,aggressive,0.0002371428571428,medium,us,0,,,,v3
FIDAUSDT,39.16849015317288,1.652912896100286,1,0.0005366,1.0,20.0716,1775154894,18,3,0.75,bull,breakout,normal,0.0009121428571428,high,us,0,,,,v3
BMTUSDT,25.71428571428557,1.3032844350675885,0,-0.0004976,0.0,-3.0565,1775157478,19,3,0.8,sideways,mean_reversion,conservative,0.0001364285714285,low,us,0,,,,v3
IOTAUSDT,37.49999999999993,3.680742514323175,0,-0.0002259999999999,1.0,0.3373,1775158792,19,3,0.7,sideways,trend,conservative,0.00025,low,us,0,,,,v3
MBLUSDT,37.49999999999966,0.3301498738210139,0,-2.79999999999996e-06,1.0,0.1735,1775159219,19,3,0.7,sideways,trend,conservative,1.9285714285714365e-06,low,us,0,,,,v3
WUSDT,39.999999999999865,2.7642197734165737,0,-0.000192,0.0,0.0,1775159662,19,3,0.7,sideways,trend,conservative,5.714285714285717e-05,low,us,0,,,,v3
MANTRAUSDT,20.512820512820227,2.184050281239064,0,-0.0002438,1.0,0.7567,1775160767,20,3,0.8,bear,mean_reversion,normal,5.571428571428555e-05,low,us,0,,,,v3
TURTLEUSDT,37.49999999999997,0.0,1,6.799999999999168e-05,1.0,2.23,1775163907,21,3,0.7,bull,trend,normal,0.0004,low,off,0,,,,v3
CHZUSDT,27.72277227722755,4.313868441415619,0,-0.000599,0.0,-1.4067,1775165675,21,3,0.8,bear,mean_reversion,normal,0.0001228571428571,low,off,0,,,,v3
XPLUSDT,22.29729729729728,1.2568982233997965,0,-0.009434,1.0,0.1438,1775168094,22,3,0.8,sideways,mean_reversion,conservative,0.0073714285714285,high,off,0,,,,v3
POLUSDT,38.46153846153821,1.035445069224104,0,-7.599999999999274e-05,1.0,0.4524,1775168566,22,3,0.7,sideways,trend,conservative,0.0002071428571428,low,off,0,,,,v3
FETUSDT,34.21052631578938,0.03443434738409,0,-0.0013459999999999,0.0,-0.3795,1775173946,23,3,0.7,sideways,trend,conservative,0.0005571428571428,low,off,0,,,,v3
ZBTUSDT,22.12389380530973,2.1169289950158103,0,-0.0045019999999999,0.0,-4.9566,1775174509,0,4,0.8,sideways,mean_reversion,conservative,0.0011071428571428,medium,asia,0,,,,v3
ROBOUSDT,39.72602739726028,1.3769242053788309,1,5.639999999999812e-05,1.0,1.9384,1775175248,0,4,0.7,bull,trend,normal,9.428571428571416e-05,low,asia,0,,,,v3
JSTUSDT,25.86872586872593,0.0037573650406433,0,-0.000927,1.0,0.2264,1775176547,0,4,0.8,sideways,mean_reversion,conservative,0.0003007142857142,low,asia,0,,,,v3
ANKRUSDT,27.27272727272755,3.071030538918743,0,-7.999999999999934e-05,1.0,0.8778,1775177986,0,4,0.8,bear,mean_reversion,normal,2.285714285714285e-05,low,asia,0,,,,v3
HBARUSDT,37.49999999999988,0.0296167610266031,0,-9.760000000000324e-05,1.0,0.5024,1775181048,1,4,0.7,sideways,trend,conservative,0.0001842857142857,low,asia,0,,,,v3
ONTUSDT,18.62828111769683,0.0148059530432829,0,-0.0033031999999999,,,1775181704,2,4,0.8,sideways,mean_reversion,conservative,0.0015714285714285,medium,asia,0,,,,v3
FUNUSDT,27.27272727272729,4.204883919568911,0,-1.465999999999989e-05,,,1775183975,2,4,0.8,sideways,mean_reversion,conservative,1.0071428571428607e-05,low,asia,0,,,,v3
