symbol,rsi,volume,trend,momentum,result,pnl
XLMUSDT,34.21052631578961,4.750325907046643,0,-0.0005739999999999912,0,-1.082381
ALGOUSDT,28.571428571428427,2.2952636019722528,0,-0.0007220000000000004,0,-0.552995
DGBUSDT,21.052631578947427,2.0902887239053296,0,-1.6799999999999975e-05,0,0.0
CRVUSDT,32.85714285714265,4.2283664645030505,0,-0.0017800000000000038,0,-0.458576
ICXUSDT,33.333333333332945,1.108651641407895,0,-0.0008760000000000018,0,-0.955616
ONGUSDT,31.93916349809878,3.18174617207343,0,-0.002028999999999989,1,0.65014
ONTUSDT,39.31795386158473,0.24115635131351962,1,2.4200000000001998e-05,0,-3.705897
ALGOUSDT,40.000000000000135,11.759788730080656,0,-0.0005479999999999929,0,-0.642949
FFUSDT,37.5,1.88691728790518,1,0.0002802000000000082,0,-0.78806
VETUSDT,38.235294117646795,5.01021617935201,0,-2.7919999999999855e-05,1,0.524284
FFUSDT,23.391812865497513,1.2909839350324823,0,-6.919999999999149e-05,1,2.318511
ESPUSDT,38.46153846153828,1.7185255522654086,0,-0.0015252000000000043,0,-0.688518
WUSDT,33.33333333333333,2.4002748367751465,0,-1.9999999999999185e-05,0,0.0
OPENUSDT,28.125000000000085,3.467944187417496,0,-0.00494799999999998,0,-1.345337
USDTTRY,28.57142857143002,0.18177859928024423,1,0.009000000000000341,1,0.051767
ROBOUSDT,39.62264150943372,4.350910353230307,0,-0.00019620000000000054,1,1.035
FUNUSDT,30.864197530864118,1.364187562988308,0,-1.1040000000000138e-05,1,1.065772
RIFUSDT,25.531914893617028,4.526765564042544,0,-0.0010340000000000002,1,1.221938
ALGOUSDT,8.333333333333528,2.2467620813032414,0,-0.0008260000000000073,0,-0.433059
PHAUSDT,26.666666666666913,2.20910155509044,0,-0.0006919999999999982,0,-0.999995
ZAMAUSDT,12.195121951219846,2.3187290248181944,0,-0.00033559999999999493,1,5.639913
ENJUSDT,33.33333333333317,0.2868463321302423,1,8.599999999997499e-06,0,-0.229775
FETUSDT,37.01657458563532,0.09704245305222987,1,0.003989999999999966,0,-1.832311
ADAUSDT,67.85714285714272,3.373564716539588,1,0.004280000000000006,0,-0.460915
FETUSDT,28.57142857142857,0.06774383537111704,0,-0.0002780000000000282,1,1.652093
PYTHUSDT,39.99999999999999,6.562128731829381,0,-8.600000000000274e-05,1,1.070312
LUNCUSDT,26.530612244898208,0.0,1,5.9600000000001937e-08,1,0.030362
GUSDT,37.49999999999972,1.9737638932630148,0,-2.699999999999968e-05,1,0.358798
ONTUSDT,36.52392947103268,0.13734972867408773,1,0.00016359999999999986,0,-1.677634
SUNUSDT,11.764705882352928,3.1429970703449737,0,-0.0005807999999999994,0,-0.886374
AUSDT,26.086956521739154,1.2543143771393308,1,8.000000000008e-06,1,0.54865
SUNUSDT,16.66666666666673,1.7118815618465453,0,-0.0006615999999999983,1,4.472234
ANKRUSDT,25.000000000000185,3.5631647936782516,0,-4.959999999999947e-05,0,-0.255414
DENTUSDT,14.285714285714292,0.1461818515960405,0,-1.8200000000000063e-06,1,2.605472
BONKUSDT,37.5,0.0,1,3.3399999999999545e-08,0,-0.409229
CETUSUSDT,4.166666666666956,4.103666439093071,0,-0.0004200000000000037,0,-0.928626
SAHARAUSDT,29.12621359223293,1.463190095960908,0,-0.00047660000000000063,1,0.750245
IOTAUSDT,27.272727272727337,1.1268241464490965,0,-0.0002420000000000061,0,-0.215609
WIFUSDT,25.0,2.446746461513985,0,-0.0011199999999999821,0,0.0
EURUSDT,23.07692307692571,0.02218433442317859,0,-0.0010120000000000129,0,-0.030878
XRPUSDT,36.06557377049099,0.4221593895743005,0,-0.0008559999999999679,0,-0.239296
GALAUSDT,37.50000000000021,2.16132391095113,1,1.999999999996796e-07,0,-1.879003
APTUSDT,22.857142857142776,0.7476535519533227,0,-0.029220000000000024,0,-0.320155
SANDUSDT,27.272727272727607,1.4851339108389823,0,-0.00042799999999998395,0,0.0
LUNCUSDT,33.928571428571516,3.3489679348966717,0,-1.4420000000000448e-07,1,0.225692
IOTAUSDT,33.333333333332945,0.5280395804917999,0,-0.0003799999999999984,1,1.233263
VETUSDT,26.984126984126945,0.2524601984001121,0,-3.077999999999935e-05,1,0.209264
GALAUSDT,39.99999999999999,2.282264724303573,0,-1.7800000000000107e-05,0,-0.395972
KITEUSDT,30.370370370370352,2.044100573065382,0,-0.010070000000000023,0,-0.054399
DENTUSDT,37.500000000000014,0.7272084349753972,0,-5.940000000000014e-06,1,5.934997
SUNUSDT,36.84210526315788,4.733794233990236,1,1.7200000000001936e-05,0,-0.787579
ALGOUSDT,30.76923076923069,0.0,0,-0.0008140000000000092,1,0.734231
GALAUSDT,39.99999999999999,1.3679639008699,0,-3.320000000000059e-05,0,0.0
SIGNUSDT,19.50464396284835,2.7374599719051393,0,-0.004185399999999999,0,-0.897298
WLDUSDT,23.684210526315937,0.013862983051876863,0,-0.0022560000000000358,0,-0.187882
JTOUSDT,27.272727272727337,0.12376916260373472,1,0.012284000000000017,0,-1.192528
ASTERUSDT,38.46153846153846,2.6737765767075743,1,0.001060000000000061,0,-0.535355
KITEUSDT,26.66666666666633,2.9078531437457062,0,-0.008319999999999994,0,-1.285135
ROBOUSDT,29.37853107344644,2.5980807502730587,0,-8.69999999999968e-05,1,2.065123
SUNUSDT,32.72727272727275,2.784734121729449,0,-0.0002911999999999984,1,0.897942
CHZUSDT,28.94736842105172,0.0029908271420040745,0,-7.399999999999768e-05,1,0.077494
DUSKUSDT,28.571428571428797,3.373570055161657,0,-0.0035339999999999955,0,-1.018117
SENTUSDT,33.80281690140842,0.0580898624010362,1,5.2999999999997494e-05,0,-2.593891
ONGUSDT,23.790322580645054,1.3275492784849783,0,-0.0013921999999999962,1,0.238078
ALGOUSDT,36.36363636363682,1.1302238309043737,0,-0.00013999999999998736,0,-0.138244
LINEAUSDT,37.5,1.8117032660284123,1,1.7199999999999768e-05,0,-0.88523
ONTUSDT,30.602782071097522,0.053109435995345455,0,-0.0018297999999999925,0,-0.503583
DENTUSDT,37.1428571428572,0.5885911027288931,1,1.5079999999999998e-05,0,-2.666173
LINEAUSDT,12.5,2.6791260726340003,0,-6.199999999999609e-06,0,-0.377115
VETUSDT,57.31707317073202,3.146836065931697,1,1.0640000000000129e-05,0,-0.17802
SKYUSDT,30.18867924528338,2.1989860903258904,1,0.0008708000000000049,0,-0.532828
FUNUSDT,33.33333333333333,4.680197352819566,0,-1.7260000000000062e-05,1,0.254228
BIOUSDT,39.99999999999999,1.9939259769441184,0,-6.799999999999862e-05,0,-0.763517
CHZUSDT,32.00000000000061,0.03796741883364009,0,-0.00018020000000000536,1,0.342212
NEWTUSDT,19.047619047619023,2.943869683811192,0,-0.002027999999999988,1,3.457388
XLMUSDT,21.42857142857156,0.04980798644359349,0,-0.001706000000000013,0,-0.192541
SHIBUSDT,30.769230769230774,1.6974909538517515,0,-4.119999999999971e-08,1,0.443903
BONKUSDT,18.181818181818045,1.0731722806075616,0,-3.2199999999999455e-08,0,-0.350584
ROBOUSDT,38.00904977375568,2.463322384630167,0,-7.619999999999849e-05,0,-0.6273
JSTUSDT,20.3125000000002,1.791659167346208,0,-0.0009803999999999993,0,-0.713188
ONTUSDT,33.79721669980111,0.18121855376008045,0,-0.001311599999999996,0,-1.35142
AIXBTUSDT,33.33333333333333,0.0,1,0.0002020000000000008,0,-0.452641
ANIMEUSDT,38.46153846153826,2.442795374182306,1,2.0000000000000052e-05,0,0.0
COSUSDT,33.082706766917255,2.2547467899141145,1,9.160000000000027e-06,0,-2.064447
JSTUSDT,17.548076923076948,6.2862265156428565,0,-0.0032888000000000084,1,5.511815
PIXELUSDT,38.88888888888895,4.711583553616327,0,-4.819999999999998e-05,0,-0.723424
XRPUSDT,28.928571428571388,0.6863097953141672,0,-0.00347799999999987,0,-0.114773
CFGUSDT,30.851063829787208,1.2830987716483357,1,3.0000000000002247e-05,0,-1.514011
RSRUSDT,37.68115942028988,0.33275359817179406,1,6.339999999999861e-06,1,0.599646
SEIUSDT,33.33333333333333,0.013949984329560022,0,-0.0003939999999999985,0,-0.620621
FETUSDT,33.33333333333333,1.5958007322172305,0,-0.0020119999999999583,1,0.638126
ENAUSDT,38.888888888888786,1.6645673423674106,1,0.0012539999999999912,0,0.0
NEIROUSDT,34.43708609271525,1.3357602062717435,1,8.14000000000023e-08,0,-1.177264
SEIUSDT,36.36363636363665,1.3645367450112216,0,-0.0004239999999999938,0,-0.197319
ADAUSDT,39.58333333333337,1.4718143718819363,0,-0.0012860000000000094,0,-0.622851
BANANAS31USDT,38.73239436619727,1.9221009839032928,0,-0.0001341599999999995,1,0.114384
ADAUSDT,25.000000000000014,0.21808123659604609,0,-0.00298200000000004,1,0.650094
XRPUSDT,21.212121212121076,0.15249086724913893,0,-0.014137999999999984,1,0.658708
DOGEUSDT,7.5117370892015884,5.350404800112246,0,-0.0014678000000000052,1,0.798634
PIXELUSDT,36.84210526315804,3.4022290476033934,0,-5.3199999999999775e-05,1,0.400983
SKYUSDT,32.792207792208,2.6327227694417115,0,-0.0019871999999999945,0,-0.03249
COSUSDT,35.036496350364956,3.830550048933251,1,5.597999999999996e-05,0,-3.64528
PARTIUSDT,1.96078431372554,5.5065929576143064,0,-0.004466000000000012,1,0.144823
RSRUSDT,35.9375,0.22757890732569347,1,1.5199999999998635e-06,1,3.60903
FUNUSDT,27.99999999999983,2.9268563754925876,0,-8.119999999999915e-06,0,-1.27805
FUNUSDT,24.6153846153844,0.6964291696266176,0,-2.2799999999999904e-05,0,-1.203086
EIGENUSDT,33.33333333333333,3.1047116872377396,0,-0.0014399999999999968,0,-0.600076
ZKUSDT,25.92592592592574,0.22601111900923498,0,-1.6200000000000936e-05,1,0.814724
ANKRUSDT,25.0,0.5203603371142138,1,1.0000000000001327e-06,0,-0.242899
FUNUSDT,16.666666666666373,0.316618887522667,0,-4.297999999999997e-05,0,-0.441131
WIFUSDT,39.99999999999999,2.064403405580413,0,-0.0014399999999999968,0,-1.2541
PARTIUSDT,29.629629629629306,1.298497418432563,0,-0.0025600000000000067,0,-1.866494
DENTUSDT,38.46153846153846,1.570106618617552,0,-3.4000000000000284e-06,0,-0.859751
CHZUSDT,25.714285714284472,2.67482559539754,0,-0.00011500000000000399,0,-0.31166
PIXELUSDT,0.0,2.2003053653088047,0,-0.00030820000000000153,1,0.272769
ZKCUSDT,18.699186991869908,2.613018213989173,1,0.0008540000000000075,0,-1.167264
CHZUSDT,26.086956521738728,1.3178489260641868,0,-0.0002679999999999974,1,0.346848
PUMPUSDT,34.78260869565216,3.4316847557792376,1,7.119999999999783e-06,0,-0.717234
CVCUSDT,22.727272727272123,1.318731493027958,0,-0.00041420000000000345,1,0.26544
SUNUSDT,37.87878787878787,3.218965515926451,1,7.199999999999915e-05,0,-0.861698
ALGOUSDT,36.36363636363636,0.0025032601335326023,0,-0.0005239999999999967,1,0.174194
SIGNUSDT,36.11111111111099,2.4801666049079913,0,-0.0005313999999999944,0,-0.920543
JSTUSDT,21.428571428571345,2.6138954809405366,0,-0.0010032000000000027,0,-0.535655
WIFUSDT,39.99999999999999,1.579527915256599,0,-0.0010400000000000131,0,-1.340314
PIXELUSDT,26.086956521738898,1.5398821322323168,0,-0.00014620000000000084,1,0.253152
PROVEUSDT,32.828870779976754,1.443966543107514,1,0.05494600000000005,0,-2.730654
SIGNUSDT,23.776223776223873,1.484912683908102,0,-0.0007439999999999947,0,-0.57851
SHIBUSDT,36.36363636363608,1.9255155295304498,0,-3.1999999999993934e-09,0,-0.192837
SUNUSDT,6.060606060605863,1.1686941303522613,0,-0.00038799999999999946,0,-0.268371
TRXUSDT,19.999999999999687,0.4402225783231023,0,-0.0012360000000000149,0,-1.277827
USDTBRL,35.41666666667399,1.7605504293290652,0,-0.0006700000000003925,1,0.068713
DOGEUSDT,35.02304147465438,2.6747948984228636,0,-0.0006515999999999883,0,-0.458793
COSUSDT,29.591836734693885,1.2931386971592096,0,-4.706000000000003e-05,0,-2.090926
SEIUSDT,31.250000000000114,1.865687790873982,0,-0.0004139999999999977,0,-0.409736
KATUSDT,23.67601246105916,1.0551990824016648,1,7.059999999999879e-05,1,5.65108
STOUSDT,27.586206896551786,1.0424364864134648,0,-0.0008579999999999838,0,-0.803878
POLUSDT,9.999999999999176,2.1778922213053247,0,-0.001221999999999987,1,0.270384
DOGEUSDT,35.36585365853685,1.5449022714215128,0,-0.0005779999999999952,0,-0.279742
FLOWUSDT,23.076923076923563,1.7616979395541268,0,-0.0004269999999999968,1,2.208564
XLMUSDT,37.93103448275845,2.817103596672013,0,-0.0009820000000000106,1,2.094684
USDCUSDT,33.33333333333333,0.07293602894740916,1,1.2000000000123023e-05,0,-0.012034
BANANAS31USDT,38.80171184022828,1.3755615467746618,0,-0.00038319999999999847,0,-0.851408
HUMAUSDT,5.660377358490649,3.11932507866987,0,-0.0012897999999999972,1,4.917308
VETUSDT,64.327485380117,1.6087236791479163,1,6.43400000000004e-05,0,-0.331868
USDTBRL,32.51366120218607,0.4476955757143105,0,-0.013031999999999933,1,0.140525
GUNUSDT,28.787878787878782,1.9521798088930904,0,-0.0002629999999999959,0,-1.069544
ROBOUSDT,40.4255319148936,1.781200267372177,1,0.0006749999999999985,0,-3.19329
SXPUSDT,37.500000000000036,2.3170185879277705,0,-0.0001419999999999989,0,0.0
HBARUSDT,33.132530120482,2.6490448825424338,1,0.00014540000000000386,0,-0.671559
ARBUSDT,36.363636363636246,1.7953143183691795,0,-1.1999999999998123e-05,0,-0.398977
VETUSDT,23.703703703703695,1.5414704099196912,0,-6.380000000001142e-06,0,-0.403605
PEPEUSDT,16.666666666667012,1.9333907174435327,0,-1.8199999999999673e-08,0,-0.370849
VETUSDT,35.211267605633466,1.7278370307644115,0,-2.744000000000097e-05,0,-0.358627
SXPUSDT,37.49999999999995,1.7042185908689798,0,-0.0003080000000000001,1,6.456238
ZKUSDT,17.857142857143202,2.986344264186733,0,-0.00014159999999999867,1,0.123655
XPLUSDT,24.99999999999966,4.433006777956892,0,-0.001460000000000003,1,0.270647
PNUTUSDT,33.333333333333584,1.50782678971616,0,-0.00037600000000000133,1,0.29897
BIOUSDT,33.33333333333333,3.863971417950863,0,-0.00016000000000000042,0,-1.005982
AIXBTUSDT,37.5,2.5659597702746506,0,-0.0003160000000000003,1,0.575809
NIGHTUSDT,29.824561403508852,1.0199342927831974,1,3.140000000000781e-05,0,-2.701773
ENJUSDT,39.59390862944161,0.593017870002906,1,0.00019279999999999645,1,0.307037
WLFIUSDT,33.333333333332945,1.1054926333177437,1,0.00019600000000000173,0,-0.808081
ENJUSDT,36.70886075949354,0.03435946241571177,1,4.2600000000000277e-05,0,-0.143177
ANKRUSDT,88.88888888888887,6.9568348700291365,1,0.0003858000000000004,0,-3.25
LUNCUSDT,28.888888888888715,0.0,0,-3.087999999999995e-07,0,-0.188483
STRKUSDT,19.999999999999716,2.8789337719449692,0,-0.00016999999999999654,1,0.346364
MEMEUSDT,41.66666666666667,11.664782497238853,0,-8.599999999999884e-07,0,-0.865631
ZKUSDT,28.947368421053525,1.928868953936276,0,-9.879999999999958e-05,0,-0.495858
CFGUSDT,38.58267716535426,1.2415250409070204,0,-0.00010999999999999899,0,-2.100714
BIOUSDT,39.99999999999972,1.0559807023812622,1,3.199999999999731e-05,0,-1.393793
BANANAS31USDT,22.30215827338141,1.8902965673192502,0,-0.0003468000000000013,1,0.708461
POLUSDT,37.50000000000033,3.983082237827631,1,0.00023800000000001598,1,0.507806
GALAUSDT,37.50000000000021,0.0,0,-8.800000000000214e-06,0,-0.417345
RESOLVUSDT,26.92307692307692,1.7826774370760832,1,0.00011600000000000499,1,0.302862
SHIBUSDT,33.333333333333655,1.6110057690889301,0,-3.340000000000039e-08,0,0.0
MANTRAUSDT,39.21568627450985,1.2182575416675008,0,-0.00018500000000000114,1,5.332925
ENJUSDT,30.985915492957858,0.05764486856884087,0,-0.0003480000000000011,0,-0.068229
ANKRUSDT,36.111111111111235,1.2512813849119178,1,9.000000000000327e-06,0,-0.737718
NEIROUSDT,26.98412698412703,3.3763561876879193,0,-6.671999999999993e-07,0,-0.437699
ARBUSDT,30.76923076923069,0.02433387968158444,0,-0.0006720000000000059,0,-0.160698
AIXBTUSDT,24.999999999999787,4.35088723775845,0,-0.00039799999999999905,0,-0.610964
RSRUSDT,20.338983050847574,0.7347512318637854,0,-4.377999999999999e-05,0,-0.930966
CETUSUSDT,31.782945736434172,2.3500800950125966,0,-0.00029559999999999656,0,-0.410222
RIFUSDT,11.111111111111072,0.0886627586444776,0,-0.0012860000000000024,1,0.856776
HBARUSDT,10.294117647058926,1.4120459029701313,0,-0.00031840000000001034,1,0.0268
NILUSDT,54.545454545454376,3.580879603747019,1,0.0004299999999999998,0,-0.845844
CETUSUSDT,39.71291866028706,1.9507941748751796,0,-0.0004034000000000017,1,1.935366
CFGUSDT,31.730769230769326,2.8142719100861284,0,-0.0033979999999999844,0,-2.009433
STGUSDT,42.857142857142854,1.8353344059351686,0,-0.0010519999999999974,1,0.489735
ROBOUSDT,30.769230769230802,1.711673119049813,0,-0.0001429999999999973,0,-2.034163
REZUSDT,20.00000000000017,1.2438255687575441,0,-4.8799999999999885e-05,1,0.763625
ADAUSDT,29.090909090908823,2.7351035194381246,0,-0.003808000000000006,0,-1.92926
TRXUSDT,36.17021276595747,3.2125660930656004,0,-0.002819999999999989,0,-0.896861
AIXBTUSDT,39.99999999999999,9.81359116446506,1,0.00014600000000000377,1,1.300813
TRXUSDT,28.813559322034138,1.8284092169757469,0,-0.003563999999999956,1,0.323803
CHZUSDT,14.86486486486477,7.35750827354373,0,-0.0011415999999999996,1,0.193716
FOGOUSDT,23.287671232876775,1.9602017411504742,0,-0.0005210000000000006,1,0.965304
COSUSDT,31.707317073170586,0.5129132620429836,0,-5.038000000000004e-05,1,7.050777
MBLUSDT,42.85714285714264,2.336689791802386,0,-9.940000000000057e-06,0,-0.614902
FLOWUSDT,26.6666666666666,1.772121342549185,0,-0.0007612000000000035,0,-0.236141
SHIBUSDT,38.88888888888899,2.1099726332007123,0,-3.1399999999999394e-08,1,0.904808
CHZUSDT,26.966292134831647,2.0770390531069243,0,-0.00035079999999999834,0,-0.432418
HBARUSDT,34.93449781659406,3.860616041318197,0,-0.0005389999999999839,1,1.161709
SUNUSDT,29.62962962962925,2.792873200480075,0,-9.479999999999905e-05,0,-0.246159
FLOWUSDT,25.67567567567589,2.5565287587258214,0,-0.0006611999999999972,0,-1.231766
PIXELUSDT,36.29629629629626,0.18433497790122744,0,-0.00020180000000000024,1,1.877167
COSUSDT,39.83739837398372,2.035504420986656,0,-1.1700000000000122e-05,1,0.55032
HUMAUSDT,26.31578947368395,1.432690507182235,0,-0.00045139999999999764,1,0.180994
STRKUSDT,36.36363636363659,1.8088451301482842,0,-0.00011800000000000005,0,-0.505285
JASMYUSDT,17.647058823529306,1.277687223573673,0,-8.5e-05,1,2.189041
NEIROUSDT,33.08270676691724,2.076605438712647,0,-1.7360000000000118e-07,0,-0.37877
WUSDT,39.99999999999999,1.517714973016653,0,-7.799999999999994e-05,0,-0.929358
SIGNUSDT,40.6976744186047,1.8159599464462526,1,9.560000000000124e-05,0,-0.827795
LINEAUSDT,37.5,1.5159990998160457,0,-1.9200000000000033e-05,0,-0.945003
FOGOUSDT,11.999999999999957,11.776400697838264,0,-0.0006254000000000016,0,-0.236029
STGUSDT,23.474178403755843,2.5612223961490748,0,-0.013226000000000016,0,-2.554326
RSRUSDT,42.49999999999971,2.7982917045969335,0,-9.120000000000265e-06,0,-0.79738
SEIUSDT,37.49999999999984,2.70321115634191,0,-0.0007280000000000064,0,0.0
FLOKIUSDT,36.00000000000019,2.8813491075979103,0,-2.1119999999999893e-07,1,1.129423
ANKRUSDT,37.14285714285713,0.23950920436606798,1,2.9800000000000833e-05,0,-0.799863
KITEUSDT,16.00000000000027,2.7795840312797107,0,-0.003276000000000001,0,-0.393234
WLDUSDT,13.888888888888928,2.2346572922021415,0,-0.005939999999999945,0,-1.563722
PIXELUSDT,21.052631578947498,1.1469606558159195,0,-0.0004436000000000006,0,-1.931943
CHZUSDT,36.45833333333337,0.05738207710691767,1,0.0001694000000000001,1,0.180791
RSRUSDT,13.33333333333286,1.362401269428678,0,-3.4979999999999994e-05,1,2.364576
SHIBUSDT,30.000000000000085,4.418540168400838,0,-2.11999999999999e-08,1,0.242222
ROSEUSDT,11.111111111111526,1.256729428087791,0,-0.00012299999999999985,0,-1.365171
SIGNUSDT,32.06106870228986,2.4150901313422146,0,-0.00040280000000000177,1,0.400913
BANANAS31USDT,15.927419354838605,1.3985956227082146,0,-0.000364080000000001,1,0.310737
ONDOUSDT,37.64705882352956,1.2096337894362992,0,-0.002618000000000009,0,-0.958368
HUMAUSDT,2.1276595744680122,3.304833892412283,0,-0.0015391999999999992,0,-4.139038
HUMAUSDT,1.7647058823528852,4.939109326111773,0,-0.0019184000000000007,1,8.634722
GUNUSDT,9.374999999999986,2.066849817475739,0,-0.0007003999999999969,0,-0.476596
LINEAUSDT,39.99999999999999,2.1940675062294126,0,-7.400000000000288e-06,0,-0.491032
SUNUSDT,22.916666666666572,2.893130953795183,0,-0.0001217999999999983,0,-0.580965
GUNUSDT,21.212121212121374,1.9885863408365894,0,-0.0008529999999999961,1,1.094876
SENTUSDT,37.70491803278674,1.7713794445232105,0,-0.0003730000000000018,0,0.0
MANTRAUSDT,29.999999999999943,2.795085100839004,0,-0.0002666000000000005,1,0.603184
SEIUSDT,37.50000000000033,2.628567794592805,0,-0.0004339999999999969,1,0.636362
BONKUSDT,16.66666666666643,1.5349744943589125,0,-2.5400000000000638e-08,0,-0.482248
COSUSDT,77.27272727272748,3.1383940693199914,1,1.6680000000000037e-05,0,-0.629682
PEOPLEUSDT,22.222222222222328,4.057061109921226,0,-9.200000000000094e-05,0,0.0
SUNUSDT,23.076923076922455,1.8578627979985827,0,-0.00024500000000000216,0,-0.162601
TRXUSDT,33.333333333334096,0.0920470310775033,0,-0.00014799999999998148,1,0.267013
FLUXUSDT,27.777777777777786,0.0,0,-0.00016399999999999748,0,-1.05325
KITEUSDT,17.64705882352976,1.740900560342167,0,-0.0043179999999999885,0,-1.273219
CHZUSDT,35.29411764705918,0.33785626870020136,0,-2.9799999999996496e-05,1,0.346787
ONTUSDT,78.41435185185185,3.6204057731849404,1,0.011045800000000001,0,-4.062333
CFGUSDT,33.73493975903615,1.983317861804873,0,-0.004115999999999981,0,-1.452547
PIXELUSDT,27.027027027026946,1.6512209127904693,0,-0.0001872000000000002,0,-2.487082
ROBOUSDT,33.33333333333333,1.0343534604836258,0,-0.0003111999999999976,1,1.184788
FLUXUSDT,24.99999999999983,3.477423624004467,0,-0.0013880000000000073,0,-1.479787
BANANAS31USDT,4.999999999999815,1.4185095524663842,0,-0.00034574000000000063,0,-1.119663
ZAMAUSDT,34.48275862068961,1.7022239618473285,0,-0.00029860000000000303,0,-0.548699
BANANAS31USDT,17.281879194630775,1.7112925712553568,0,-0.0004479600000000007,0,-0.220857
GUNUSDT,21.538461538461263,1.4458366368372915,0,-0.0003184000000000034,0,-1.159357
FETUSDT,80.95238095238085,2.6804925585502044,1,0.006005999999999984,0,-1.059521
BANANAS31USDT,34.93635077793475,3.313733601101212,0,-0.0004051200000000036,1,4.939802
AIXBTUSDT,24.999999999999787,2.2737688484378746,1,0.00017,0,-0.72464
XRPUSDT,18.2926829268295,0.08443253022487485,0,-0.00042000000000008697,1,0.245513
SAHARAUSDT,17.142857142857366,0.1576968073830961,1,0.00010500000000000093,1,1.259609
KITEUSDT,16.923076923076835,1.2625703759106846,0,-0.0038120000000000376,1,2.434792
GALAUSDT,37.499999999999865,1.5004570518183467,0,-1.540000000000005e-05,0,-0.490637
WLDUSDT,33.157894736842124,2.5555668459331673,1,0.0015719999999999623,1,0.908273
LRCUSDT,31.914893617021065,0.05797590019120548,0,-0.00026540000000000244,1,1.395357
DOGEUSDT,35.86956521739124,0.19923739520703873,1,5.819999999999437e-05,1,0.131573
A2ZUSDT,28.301886792452848,8.758405601663606,0,-2.3179999999999978e-05,1,7.875611
ADAUSDT,31.57894736842121,0.08952916599420215,0,-0.0003859999999999697,0,-0.174294
SAHARAUSDT,36.423841059602545,1.608268512732955,1,0.0003592000000000005,1,4.122137
NEIROUSDT,30.47619047619044,2.732241044206685,0,-3.481999999999978e-07,1,2.502247
ZKUSDT,32.25806451612907,3.699088093400059,0,-0.0001126000000000009,1,1.937136
CUSDT,28.358208955223873,4.995356159257953,0,-0.004106000000000012,0,-0.202532
HEMIUSDT,38.709677419354826,1.0200853048306397,1,1.1200000000000272e-05,0,-0.906475
NOMUSDT,36.36363636363635,3.91211990389617,1,3.959999999999988e-05,1,7.012174
XRPUSDT,42.33576642335772,3.2912156203907577,1,0.005514000000000241,1,0.313995
SUNUSDT,19.047619047620458,2.3394936384279794,0,-3.6600000000001215e-05,1,0.099638
SAHARAUSDT,23.07692307692281,1.8005167340317516,0,-0.00021679999999999616,0,-0.887934
TRXUSDT,57.14285714285695,1.7996184617880695,1,0.0009339999999999904,1,0.433915
DOGEUSDT,24.637681159420268,0.825558306912922,1,0.0008610000000000007,0,-0.766086
HBARUSDT,31.578947368421055,0.3547553910854872,1,0.00019080000000000485,1,0.056836
NEIROUSDT,28.12499999999963,2.1228995381943934,1,1.3139999999999674e-07,0,-0.048785
PEPEUSDT,33.33333333333333,1.2308397007549836,0,-6.599999999999649e-09,0,-0.411978
CHZUSDT,35.741444866920105,0.4145324517277045,0,-0.0002349999999999991,1,3.970228
AIXBTUSDT,38.461538461538524,1.3156119239748625,1,0.00027800000000000047,0,-0.58585
SHIBUSDT,33.33333333333357,1.1213673377734068,0,-1.3199999999999298e-08,0,-0.674536
ROBOUSDT,24.590163934426243,1.090633834226672,0,-0.00011960000000000096,1,0.606316
HEMIUSDT,37.50000000000009,1.8475438279593208,1,0.00010079999999999985,0,-2.772277
BIOUSDT,37.5,1.4645235261743639,1,4.000000000000184e-05,0,-0.809639
HEMIUSDT,27.272727272727252,2.9222734337478835,0,-6.799999999999515e-06,0,-0.236779
LINEAUSDT,20.0,9.71231681008179,0,-2.8799999999999833e-05,0,0.0
TRXUSDT,29.032258064515318,1.9657614788771107,0,-0.00029200000000001447,0,-0.089007
TRXUSDT,34.28571428571419,1.1784129952954752,0,-1.199999999995649e-05,0,-0.400151
CHZUSDT,85.09316770186317,2.170538905325138,1,0.0013377999999999932,0,-1.075617
HEMIUSDT,3.4482758620691243,1.700551886622123,0,-0.0001613999999999999,1,7.322913
TRXUSDT,30.00000000000111,0.011602494955836578,0,-0.0007139999999999924,0,-0.134907
ENJUSDT,76.85950413223148,2.353922398238515,1,0.0006524000000000009,0,-0.906944
PEPEUSDT,37.50000000000013,2.0623327868171066,0,-8.399999999999784e-09,0,-0.427698
WLFIUSDT,17.647058823529846,1.147473631221802,0,-0.0012719999999999815,0,-0.145766
TURBOUSDT,39.28571428571434,1.5418194601292587,0,-1.2400000000000085e-05,0,-0.821882
CHZUSDT,33.11258278145688,0.29109035119762117,1,0.0003312000000000037,0,-0.069185
SHIBUSDT,30.769230769230774,2.2515592279208447,0,-3.699999999999897e-08,0,0.0
ZILUSDT,14.285714285714278,0.0,0,-3.800000000000027e-05,0,-0.755908
PIXELUSDT,22.500000000000227,3.137382402048769,0,-0.00019379999999999918,1,0.174015
XRPUSDT,34.37500000000044,1.369843304139358,0,-0.002706000000000097,0,-0.425758
PUMPUSDT,33.333333333333556,1.4834719340091724,0,-1.709999999999971e-05,0,-1.697294
XRPUSDT,27.86069651741238,2.7670908937842986,0,-0.010523999999999978,1,0.087002
ZILUSDT,16.666666666666657,1.9138896195764843,0,-6.140000000000008e-05,0,0.0
ENAUSDT,30.30303030303051,1.707136408522783,0,-0.0014100000000000085,0,-0.98138
BONKUSDT,35.294117647058826,1.567393449507219,0,-6.23999999999996e-08,,
WLFIUSDT,33.333333333333556,4.5432431785358585,0,-0.0007500000000000007,,
SHIBUSDT,27.272727272727266,2.3980128261415548,0,-6.76e-08,0,0.0
HEMIUSDT,37.499999999999936,1.2112099922234474,1,3.059999999999955e-05,,
